xml_name,image_name,image_path,image_stem,image_hash,width,height,box_count,primary_label,labels,is_duplicate,canonical_image_path
1.xml,1.jpg,dataset\images\1.jpg,1,8336f4e2e6542452cc13659c125ceae25f06b98396e5944623f29d25ca6c9f4c,1024,768,2,pothole,pothole|pothole,0,dataset\images\1.jpg
10.xml,10.jpg,dataset\images\10.jpg,10,98de2e8eeeb40cafbaeca10b3c6e9fcbc166b53b61b34a7b2d102ae7c067c4df,660,371,4,pothole_water,pothole_water|pothole_water|pothole_water|pothole_water,0,dataset\images\10.jpg
100.xml,100.jpg,dataset\images\100.jpg,100,b6f3586d1afe749d037075dfce279e2c56cf27dd5de7018f63fb433cb7137084,1299,863,2,damage,pothole_water|damage,0,dataset\images\100.jpg
101.xml,101.jpg,dataset\images\101.jpg,101,a30303395472d98c70aa38bdc4c3abf5c4dffac6de5cd9b8b1bb137d9c8d4baf,600,400,1,pothole,pothole,0,dataset\images\101.jpg
102.xml,102.jpg,dataset\images\102.jpg,102,5b7fc57dafb10cd9d0ef6ee236637508134eb79e744527c6a2a69b7e64b3ddd7,800,533,3,pothole_water,pothole_water|pothole_water|pothole_water,0,dataset\images\102.jpg
103.xml,103.jpg,dataset\images\103.jpg,103,4c21f21e74e9be6e86b6d90f11f785bed2657e7a72cc6a129f2a8f057fbbfb11,768,500,4,pothole,damage|pothole|pothole|pothole,0,dataset\images\103.jpg
104.xml,104.jpg,dataset\images\104.jpg,104,43708dabc84fec81f319c079c5dfc6f51ef6e5bc4c00d37e014784840e786921,660,654,4,pothole_water,pothole_water|pothole_water|pothole_water|pothole_water,0,dataset\images\104.jpg
105.xml,105.jpg,dataset\images\105.jpg,105,ff9613b1dde8892f3f0a5f0fa7c1b6f4542b897de53478a1121514ba3c4de5cd,225,300,5,damage,pothole|damage|pothole|damage|crack,0,dataset\images\105.jpg
106.xml,106.jpg,dataset\images\106.jpg,106,baa6339eb293c64a5cb39c635f6c081a7e0d76823f8f61652eed2ebe204aad24,1820,1024,3,pothole_water,pothole_water|pothole_water|damage,0,dataset\images\106.jpg
107.xml,107.jpg,dataset\images\107.jpg,107,e8fc34db16722273b19e1c72932411e6f9e396305341af2bec4403219c919fb7,3200,1680,3,crack,crack|pothole|damage,0,dataset\images\107.jpg
108.xml,108.jpg,dataset\images\108.jpg,108,7ffe3eab50248f7c662a9bc07094f9ca2b0b1e26ce3df25b129150397784b4a2,3200,1680,3,pothole,pothole|pothole|pothole,0,dataset\images\108.jpg
109.xml,109.jpg,dataset\images\109.jpg,109,f151faf937389f80eeec1909d98fb10419d85cb484206cb8f46fba97dcb83102,720,478,1,pothole_water,pothole_water,0,dataset\images\109.jpg
11.xml,11.jpg,dataset\images\11.jpg,11,79531cc470407de8c429538bf0b865eb2806a06d835952ee7367ee630c6550e9,800,500,4,pothole,pothole_water|pothole|pothole|pothole,0,dataset\images\11.jpg
110.xml,110.jpg,dataset\images\110.jpg,110,cb523c72c40e4cd3ca46da0048d99d801ae8039af479cc1328a882b75401964d,1297,599,2,damage,damage|damage,0,dataset\images\110.jpg
111.xml,111.jpg,dataset\images\111.jpg,111,693c1dc047bb053d8aea6c3fb51bd792b4f36c3b19d11332c8921825656a198b,1293,917,3,damage,damage|crack|damage,0,dataset\images\111.jpg
112.xml,112.jpg,dataset\images\112.jpg,112,11af67ef640c4733a76bd82e4c2722d7d5f65e70e2f889b2591fb4c9a441d455,356,169,1,damage,damage,0,dataset\images\112.jpg
113.xml,113.jpg,dataset\images\113.jpg,113,ad8d817673e45cce4d442c713904439e89c4c0f3ba37480fdef9f840b02cda6a,750,750,2,crack,pothole|crack,0,dataset\images\113.jpg
114.xml,114.jpg,dataset\images\114.jpg,114,65d21702bd22531f953b6c35e3c366bf292c8f2429dd9a54302643cfcf08dfb3,640,415,3,damage,damage|damage|damage,0,dataset\images\114.jpg
115.xml,115.jpg,dataset\images\115.jpg,115,5aea361f1e0ad34428ac0b2dddb7c0d178b58e3b0ee21beb391a8170186963f9,400,303,3,damage,pothole_water|damage|damage,0,dataset\images\115.jpg
116.xml,116.jpg,dataset\images\116.jpg,116,3b20bbd5494d027c016ab6fc035f951b0b872798e51a03be0bc4823b65010609,1297,855,2,pothole,pothole|pothole,0,dataset\images\116.jpg
117.xml,117.jpg,dataset\images\117.jpg,117,aebb4b8155707d96be110a4d81713a039b5392f69a9b0f100464b57043b52644,240,135,1,pothole,pothole,0,dataset\images\117.jpg
118.xml,118.jpg,dataset\images\118.jpg,118,184e4a349c4cf65eb86f9d0ca939fe2261526cf10ac87f46b1459f9d12aad935,400,300,1,damage,damage,0,dataset\images\118.jpg
119.xml,119.jpg,dataset\images\119.jpg,119,4ac21908031d77a14062c1f4da4c18479bc36d08cf4301ebc09594c5ddc9f00a,900,622,2,pothole,pothole|pothole,0,dataset\images\119.jpg
12.xml,12.jpg,dataset\images\12.jpg,12,a1a7128dcedd6a2fdedd042b1901f7dea4cf7848d0df42340ec14b36e3dba091,534,401,1,pothole,pothole,0,dataset\images\12.jpg
120.xml,120.jpg,dataset\images\120.jpg,120,f9f007d21087b3e3251fa8842f7fb59ab39970c16b9e5e8450959bfcc69f6948,300,199,2,crack,pothole_water|crack,0,dataset\images\120.jpg
121.xml,121.jpg,dataset\images\121.jpg,121,790949bc560800e0e7258d3ccea4b250505f76ee63b8fa4e3e7223174e8bc97e,550,412,1,pothole,pothole,0,dataset\images\121.jpg
122.xml,122.jpg,dataset\images\122.jpg,122,09669f9730bdf5efad01f15e8b18b88a7c8e0b5043e4b32c4b231e428e6f0c23,647,404,2,pothole_water,pothole_water|pothole_water,0,dataset\images\122.jpg
123.xml,123.jpg,dataset\images\123.jpg,123,5df370bc75e5fd628bf53ba410e9aa7996523175a89df8a5ce127d405dbfb57d,1100,825,1,pothole,pothole,0,dataset\images\123.jpg
124.xml,124.jpg,dataset\images\124.jpg,124,03aefc14be223b50428fbfed41fd836a593aa121d8c5bad82e0d37200bdb6a5d,1200,837,1,damage,damage,0,dataset\images\124.jpg
125.xml,125.jpg,dataset\images\125.jpg,125,70cb4c892e6e8ae9bd744f2ae1d66021988d634deb4938aa5de5c00cf46bebcc,620,407,1,pothole_water,pothole_water,0,dataset\images\125.jpg
126.xml,126.jpg,dataset\images\126.jpg,126,aef9bbbf5a54790d95bec2d52341f9f974936c0b275f97e6b9dc533c9db23be1,400,300,1,pothole_water,pothole_water,0,dataset\images\126.jpg
127.xml,127.jpg,dataset\images\127.jpg,127,99c0a99652b9807ab6327f74ba8e17c6a5accc839135adc1b38da01e226b5b65,780,520,2,damage,damage|pothole_water,0,dataset\images\127.jpg
128.xml,128.jpg,dataset\images\128.jpg,128,b48f3ef6654357b728570c2a1067e97a3376ff2e335f00a559e23d172ae8325c,339,218,1,pothole_water,pothole_water,0,dataset\images\128.jpg
129.xml,129.jpg,dataset\images\129.jpg,129,4ce06e6d7aee77456e1a5423d57f6bd473681016cd1b90d24880eb43cfa53c4e,873,1281,1,pothole,pothole,0,dataset\images\129.jpg
13.xml,13.jpg,dataset\images\13.jpg,13,af6febe4b968444a1e22c05a0ff6281a0e3d136f3f61e504bcb4c471cecf1e2a,670,440,3,pothole,pothole|pothole_water|pothole,0,dataset\images\13.jpg
130.xml,130.jpg,dataset\images\130.jpg,130,5680223f63c40b8147ad187783f43e1c7b2304770f64a96a8255bb7bd474ef1a,650,400,2,damage,pothole_water|damage,0,dataset\images\130.jpg
131.xml,131.jpg,dataset\images\131.jpg,131,f6e4fab2a48e6b7a610d042133c38ed9838bfaf6c04a5d1a5e0e326804123d53,467,495,4,pothole_water,pothole_water|pothole_water|pothole_water|pothole_water,0,dataset\images\131.jpg
132.xml,132.jpg,dataset\images\132.jpg,132,bc61ea7f0e571b125dd301ff90de5e07ff5816af8fc3573712e65fc8f836e635,1024,682,2,pothole,pothole|pothole,0,dataset\images\132.jpg
133.xml,133.jpg,dataset\images\133.jpg,133,af59bf19a97844f2e3a92ae6a57ac4e5ba7f0b0941c20b8b914b8c7b8dced19c,1600,1103,1,damage,damage,0,dataset\images\133.jpg
134.xml,134.jpg,dataset\images\134.jpg,134,88a08d7b7266fd88c190b8fa44166ab0824e723b187c3f87b72cae088c4e5310,448,301,2,damage,damage|damage,0,dataset\images\134.jpg
135.xml,135.jpg,dataset\images\135.jpg,135,0fdeca7b60b75766ec96bc134e93a78c41a98bd976a831c8cea0dd0cd6d0850c,800,600,2,damage,pothole_water|damage,0,dataset\images\135.jpg
136.xml,136.jpg,dataset\images\136.jpg,136,56eca8c727aeac02a97465591bc7d50ad9e45566451efb014fd181dea1e9b2f9,800,600,2,crack,pothole|crack,0,dataset\images\136.jpg
137.xml,137.jpg,dataset\images\137.jpg,137,3180a5b4114ec308cd864e49bbe0cbcb32bf07da55320c779891d44a2dd1f191,380,312,6,pothole,pothole|pothole|pothole|pothole|pothole|pothole,0,dataset\images\137.jpg
138.xml,138.jpg,dataset\images\138.jpg,138,bcf0403892a9a7638034a6604291babc5e3382d795dbadbb8450dccb21fb4a88,368,206,1,pothole,pothole,0,dataset\images\138.jpg
139.xml,139.jpg,dataset\images\139.jpg,139,fde6b28d7c98f0207e36ea04986b4a70afb13208f1795f0a0727b798690094f3,750,519,3,pothole_water,pothole_water|pothole_water|pothole_water,0,dataset\images\139.jpg
14.xml,14.jpg,dataset\images\14.jpg,14,dbb2fa7b564e90153608b4a269092a51d917fd0d1f1ed28873932efbba29a50d,1075,375,1,pothole_water,pothole_water,0,dataset\images\14.jpg
140.xml,140.jpg,dataset\images\140.jpg,140,c015d7344eaa55f555328fbb6bf2d225926c364dc9b92f9745fa57b33b0ed552,800,600,1,pothole_water,pothole_water,0,dataset\images\140.jpg
141.xml,141.jpg,dataset\images\141.jpg,141,156efa5d1314646bc51e8435c3b5a637a362048f63f60d7771e1bc95194036dd,400,206,4,pothole_water,pothole_water|pothole_water|pothole_water|pothole_water,0,dataset\images\141.jpg
142.xml,142.jpg,dataset\images\142.jpg,142,9fae15dd140e52ee647c48a7da81c46756c56555a96eb68a3edebc5531303283,700,525,1,damage,damage,0,dataset\images\142.jpg
143.xml,143.jpg,dataset\images\143.jpg,143,41ef0e506b6755044e48a130279cfc5d2ea2b58cdc9826b88179145cc15b78ac,446,301,3,pothole_water,pothole_water|pothole_water|pothole_water,0,dataset\images\143.jpg
144.xml,144.jpg,dataset\images\144.jpg,144,7293865f7aefd106ef886724feb8699459f845a077aeda51313ca55a598f4071,768,1024,2,pothole_water,pothole_water|pothole_water,0,dataset\images\144.jpg
145.xml,145.jpg,dataset\images\145.jpg,145,013c9cb73cb0bcae10ce4e4bef330ebf62ba013451f1edb459b4be6d5821af45,320,294,4,pothole,pothole|pothole|pothole|damage,0,dataset\images\145.jpg
146.xml,146.jpg,dataset\images\146.jpg,146,3b1fb92302ac5aa50d2dec7e9bdc05c6c03328ec8369cbfb2331c16cba2e2004,600,400,3,pothole_water,pothole_water|pothole_water|pothole_water,0,dataset\images\146.jpg
147.xml,147.jpg,dataset\images\147.jpg,147,867f0522003625ee322fe07509d454a907c655d681bbdc7573737cc7bcb3b26a,810,455,3,damage,pothole|damage|damage,0,dataset\images\147.jpg
148.xml,148.jpg,dataset\images\148.jpg,148,19b0e981c3ec1083c87c1eb9f72ae11667415e47aed61bcac12014fb5724712f,800,600,3,pothole,pothole|pothole|pothole,0,dataset\images\148.jpg
149.xml,149.jpg,dataset\images\149.jpg,149,806f492031d1379d91b6710c409bb3589cabea7ae295e0edfbac8ee004cc4587,1000,666,3,crack,pothole|crack|crack,0,dataset\images\149.jpg
15.xml,15.jpg,dataset\images\15.jpg,15,65cff9a4d3df7d4c54402df95963cc3b5abd565a667512842446d83174037b40,800,600,1,pothole,pothole,0,dataset\images\15.jpg
150.xml,150.jpg,dataset\images\150.jpg,150,80c36c3cd5daddbbfc998d8b59f6b4653c648660375bca8752690433524d4a39,640,360,1,pothole_water,pothole_water,0,dataset\images\150.jpg
151.xml,151.jpg,dataset\images\151.jpg,151,e1b4058f40df9a614dd445b159116d581177e6d36dba8a7a67c79be3eea2c2bd,200,150,1,pothole_water,pothole_water,0,dataset\images\151.jpg
152.xml,152.jpg,dataset\images\152.jpg,152,8de3ad6c84b474d382f7d61433671e539563825735096323e0c9b13dd86c1e49,700,466,1,pothole,pothole,0,dataset\images\152.jpg
153.xml,153.jpg,dataset\images\153.jpg,153,6bcc6b6e232e34de5bf56bf7302e79ca22e86787a3c2f68e6212b9d89031149c,300,200,1,pothole,pothole,0,dataset\images\153.jpg
154.xml,154.jpg,dataset\images\154.jpg,154,f503381c61dff447ff8cafd46ee0553c01cb21f2851f7c47f89981df047d1179,640,268,1,pothole,pothole,0,dataset\images\154.jpg
155.xml,155.jpg,dataset\images\155.jpg,155,7aa24c80aa3451a80bc1b8c218a40ad46210697c834cb90997f6acc1440989c1,260,260,1,pothole,pothole,0,dataset\images\155.jpg
156.xml,156.jpg,dataset\images\156.jpg,156,ceb330a0f6b9449c9a01567780934c6f6629664368e7bc257b1082f37e203a1d,759,422,3,pothole_water,pothole_water|pothole_water|pothole_water,0,dataset\images\156.jpg
157.xml,157.jpg,dataset\images\157.jpg,157,f55c233ad6f6262eb485ab04af4acf5caf424219a5a0bd5fa780caa16fcc1375,534,401,1,pothole_water,pothole_water,0,dataset\images\157.jpg
158.xml,158.jpg,dataset\images\158.jpg,158,34d13450a0b7ad587a68de948b21aa1bac62a3dd17160479d14254f7dcf2c60f,999,473,4,pothole_water,pothole_water|pothole_water|pothole_water|pothole_water,0,dataset\images\158.jpg
159.xml,159.jpg,dataset\images\159.jpg,159,1e3ad6f4b88e3550841068dfa977ab5eaecad211e857e4d3f1a9f956b6ce6126,620,411,4,pothole,pothole|damage|pothole|crack,0,dataset\images\159.jpg
16.xml,16.jpg,dataset\images\16.jpg,16,5e0c9bb1dc361c56c70aaa3ce101229f22f149e6ee7ef813d632e5ff0cc31dc6,730,430,3,pothole_water,pothole_water|pothole_water|pothole_water,0,dataset\images\16.jpg
160.xml,160.jpg,dataset\images\160.jpg,160,ad6d69d74d3659bbf76c18aba33ef526cff91ae939edffed14017b7d1ae05424,620,387,2,crack,pothole_water|crack,0,dataset\images\160.jpg
161.xml,161.jpg,dataset\images\161.jpg,161,76c1601da73b56eea6718990c6e89d7c6195a067c5a8ac3d23dbbd520257bc44,1080,675,1,pothole_water,pothole_water,0,dataset\images\161.jpg
162.xml,162.jpg,dataset\images\162.jpg,162,4b49253cdd34d39fed7c7dcf3bad9a94fed6909ef7eab6c797de58a0bf6ac8c4,1019,521,2,pothole,pothole|pothole,0,dataset\images\162.jpg
163.xml,163.jpg,dataset\images\163.jpg,163,521e9ba580e685505b6b864389730b9c5b08b04b62789bac937e6a3733addd6b,670,440,4,pothole,pothole|pothole|pothole|damage,0,dataset\images\163.jpg
164.xml,164.jpg,dataset\images\164.jpg,164,c07006a8a7e9fbd6844bf86fa29b6fbbdf236c5c1455440db1f0904bfe0935cb,1632,1224,1,damage,damage,0,dataset\images\164.jpg
165.xml,165.jpg,dataset\images\165.jpg,165,dbba8f6daa64bd1ce427992d1499b6628759ee84e219a07c9fab9e159daef3d5,885,590,4,damage,damage|damage|damage|damage,0,dataset\images\165.jpg
166.xml,166.jpg,dataset\images\166.jpg,166,5a8db762e4ca26d1dd8e6ccf5194c8292edcaabd9f4d06f669ea80e99a41f8c1,746,400,4,damage,damage|damage|damage|damage,0,dataset\images\166.jpg
167.xml,167.jpg,dataset\images\167.jpg,167,63af5a155def3b8de61c7ae9a71f6c121a0fa2b82180f036d1538835211e110d,400,267,5,damage,damage|damage|damage|damage|damage,0,dataset\images\167.jpg
168.xml,168.jpg,dataset\images\168.jpg,168,0a5394ed32cce73e4ec81ef65ffcafe1f677c81f6d48164f065d3ab821efb84a,1200,800,1,damage,damage,0,dataset\images\168.jpg
169.xml,169.jpg,dataset\images\169.jpg,169,ce4aad721346a12f191a687a65bceab487b2fa0fa901d887c7bad3c25e92945d,1140,754,4,damage,damage|damage|damage|damage,0,dataset\images\169.jpg
17.xml,17.jpg,dataset\images\17.jpg,17,44ee6ebbb841b65a8ea00880fd74ce70026887decbc32be0ebd8d381b132baf7,667,458,4,pothole_water,pothole_water|pothole_water|pothole_water|pothole_water,0,dataset\images\17.jpg
170.xml,170.jpg,dataset\images\170.jpg,170,bb262f1680c26319f2913f794aa6ee3493126e7a440ac02aed5a8ad390ba3f83,2996,1680,5,damage,damage|damage|damage|damage|damage,0,dataset\images\170.jpg
171.xml,171.jpg,dataset\images\171.jpg,171,efd8ef54a8dc47420bd2531b91eddba1d6790a794656cb0a5a0c29d07b2bb3f2,639,360,3,pothole_water,pothole_water|pothole_water|pothole_water,0,dataset\images\171.jpg
172.xml,172.jpg,dataset\images\172.jpg,172,010a8d4afccfc19730b7fb9c4fde923df5bc6cfc4c2bbd57c74be9b710b6f5e6,450,298,2,pothole_water,pothole_water|pothole_water,0,dataset\images\172.jpg
173.xml,173.jpg,dataset\images\173.jpg,173,d12ff15bdbba6556e1a767cd5beaaa1b56f282ed0452446e64a4af5dd6434552,500,334,2,pothole_water,pothole_water|pothole_water,0,dataset\images\173.jpg
174.xml,174.jpg,dataset\images\174.jpg,174,ee842ec54fd5fabdff855c9352252cfeda5b3a73555e1995f7d7ec3b36ef9da1,800,516,1,pothole_water,pothole_water,0,dataset\images\174.jpg
175.xml,175.jpg,dataset\images\175.jpg,175,f02e54b7a15d9e476b175dc8f006e50f60e3ac935ad8037f9b58c7345da44895,800,600,1,damage,damage,0,dataset\images\175.jpg
176.xml,176.jpg,dataset\images\176.jpg,176,0f728d7e6fa52fbc44c3d256eb7e259df5ccc199b3c7a54e809e2325e707da1b,325,216,4,damage,pothole|damage|damage|damage,0,dataset\images\176.jpg
177.xml,177.jpg,dataset\images\177.jpg,177,e7c926f464f850910d3b59037d7f3a08009393aae095a176ba44c2105e5853c7,821,434,1,pothole,pothole,0,dataset\images\177.jpg
178.xml,178.jpg,dataset\images\178.jpg,178,8608d36dd58462b29b015402cd946b7f7b7fdd691f184e4920b80d3cc4b312ad,960,960,7,pothole_water,pothole_water|pothole_water|pothole_water|pothole_water|pothole_water|pothole_water|damage,0,dataset\images\178.jpg
179.xml,179.jpg,dataset\images\179.jpg,179,767b9ce21f3fd26c92a3f6cc0bd304d72b31a4920578733cd6fb292f54e541b4,960,720,3,pothole_water,pothole_water|pothole_water|damage,0,dataset\images\179.jpg
18.xml,18.jpg,dataset\images\18.jpg,18,0866d1cbb840e696511baee5ba54276387d8f850e8fb9654d4ce02407300c16c,992,1473,2,pothole,pothole|pothole,0,dataset\images\18.jpg
180.xml,180.jpg,dataset\images\180.jpg,180,33b4bd2907e1a03994c0fabe3e7a0ac6a44998ab36726001cf0663454c8d0abc,970,430,2,damage,pothole_water|damage,0,dataset\images\180.jpg
181.xml,181.jpg,dataset\images\181.jpg,181,e483cbd4c23efa6a40ace6fb6aedca3b7dc47ad99117f572b84a00bb14a59f21,759,422,1,pothole_water,pothole_water,0,dataset\images\181.jpg
182.xml,182.jpg,dataset\images\182.jpg,182,d2addeeb478e1cf6da9441af4dc68856841314e72b2bdd1c484dedaa46989af1,590,320,1,pothole,pothole,0,dataset\images\182.jpg
183.xml,183.jpg,dataset\images\183.jpg,183,c5e85f420b82553b05ce52c863189f4463a4412be576e3bf9b25d2999c5d8862,1024,768,3,pothole_water,pothole_water|pothole_water|pothole_water,0,dataset\images\183.jpg
184.xml,184.jpg,dataset\images\184.jpg,184,ceb330a0f6b9449c9a01567780934c6f6629664368e7bc257b1082f37e203a1d,759,422,3,pothole_water,pothole_water|pothole_water|pothole_water,1,dataset\images\156.jpg
185.xml,185.jpg,dataset\images\185.jpg,185,31ff58902c225030dcd74c7985bbb918b8ba1070b9e461e8883d9c4da8356d9e,400,300,2,pothole_water,pothole_water|pothole_water,0,dataset\images\185.jpg
186.xml,186.jpg,dataset\images\186.jpg,186,71de41d9d5063ff655bd7d4a4e1dcdc636c5c8e45d6acf3eea280756c5497a33,986,554,4,damage,pothole|damage|damage|damage,0,dataset\images\186.jpg
187.xml,187.jpg,dataset\images\187.jpg,187,6afe1ef5bfad151a9e45ae47ace165c48ef97b23ffd3f02b57f6cdd036fba942,1000,665,1,pothole_water,pothole_water,0,dataset\images\187.jpg
188.xml,188.jpg,dataset\images\188.jpg,188,07b77a1c2a881facd2d5264d57e35d5779beeac42fa8c5c148c964f9a8d1a7a8,895,468,2,pothole,pothole|pothole_water,0,dataset\images\188.jpg
189.xml,189.jpg,dataset\images\189.jpg,189,f8e0e469b847188a659065a51e71b3b36ec5c4f6aa11c4b0710784a45b163c7e,640,480,1,pothole,pothole,0,dataset\images\189.jpg
19.xml,19.jpg,dataset\images\19.jpg,19,454cba3412422241060d4e0873b5787b94bc80d21bb4c9da9c4f0b65ddea5964,570,321,4,pothole_water,pothole_water|pothole|pothole_water|pothole_water,0,dataset\images\19.jpg
190.xml,190.jpg,dataset\images\190.jpg,190,03b456322cd969e93a2b58a39b2455554b9aee98261667e38e925e668b1b2436,1200,800,1,pothole_water,pothole_water,0,dataset\images\190.jpg
191.xml,191.jpg,dataset\images\191.jpg,191,6caaeeecf3b81cd3a9cf6003fdb9a0cc5d1265baf658bf226b42c0c519fcb43c,270,176,2,crack,crack|damage,0,dataset\images\191.jpg
192.xml,192.jpg,dataset\images\192.jpg,192,156407f75b37f09af746d8f6cd68487d2ec0326f45c040e340973c84238e9873,1200,600,1,pothole_water,pothole_water,0,dataset\images\192.jpg
193.xml,193.jpg,dataset\images\193.jpg,193,27524feab75d05a2b4e2091b9bc54ce806c151c060ff9973778330b88ceb3369,1297,859,1,pothole,pothole,0,dataset\images\193.jpg
194.xml,194.jpg,dataset\images\194.jpg,194,1ecef3b6ff3f22128e4fa0ea9722bf44ea670cc327b258344160fae61b810513,899,599,2,pothole,pothole|pothole,0,dataset\images\194.jpg
195.xml,195.jpg,dataset\images\195.jpg,195,87a4d6d90606e0504e207f0ff9b3659c650290e3d1dc46ae1ff54e119f4b6eb8,1306,980,3,pothole_water,pothole_water|pothole_water|pothole_water,0,dataset\images\195.jpg
196.xml,196.jpg,dataset\images\196.jpg,196,e675aabfcf9aac3d9cc181ac366790a115c8f6ab133cc2a567c2a3defe0bcbe6,400,267,1,pothole,pothole,0,dataset\images\196.jpg
197.xml,197.jpg,dataset\images\197.jpg,197,096871339308e945cf5a4679af7448103cd8b3fe5a086c8e10a373499eeb808b,1950,1460,3,pothole,pothole|pothole|pothole,0,dataset\images\197.jpg
198.xml,198.jpg,dataset\images\198.jpg,198,98733ca044d29422394dec127c7a274d25a91654b01991b8d95fe89fc6dfe8b5,625,352,2,pothole,pothole|pothole,0,dataset\images\198.jpg
199.xml,199.jpg,dataset\images\199.jpg,199,ea0ebcfa89bd05e8baceec82a016259e2bf1d786368736a42d4e9fda3abb5348,600,450,3,pothole_water,pothole_water|damage|pothole_water,0,dataset\images\199.jpg
2.xml,2.jpg,dataset\images\2.jpg,2,23d1209d5543815d2269b6f0c73febfc79d18ebe1df0d53662e7c6f77a631315,770,470,1,pothole,pothole,0,dataset\images\2.jpg
20.xml,20.jpg,dataset\images\20.jpg,20,5616b184249ea8a5f4c21ade95bd66c76ce30a906ec98456cb57876734b55c23,534,401,1,pothole_water,pothole_water,0,dataset\images\20.jpg
200.xml,200.jpg,dataset\images\200.jpg,200,bf2b83e7d5eadf9c8d43f4b6ccfd0da840cd3ca0a25b2b2b699ae9def2b95775,625,352,3,pothole,pothole|damage|pothole,0,dataset\images\200.jpg
201.xml,201.jpg,dataset\images\201.jpg,201,d77fd2bc89d865e3aa45edde0b8896010f2a6eac0a5806c10f07469b2fd6a9fe,560,416,1,pothole,pothole,0,dataset\images\201.jpg
202.xml,202.jpg,dataset\images\202.jpg,202,ba4e885f152dde8bc8df3abd517b44622b5a0da7c270565ac3f58fc251700099,1200,800,3,crack,damage|crack|pothole,0,dataset\images\202.jpg
203.xml,203.jpg,dataset\images\203.jpg,203,1308691cc7c7344d2ecb289f528103bd0e5f8199678a8e03fce2bc04b779b00d,650,433,2,pothole_water,pothole_water|pothole_water,0,dataset\images\203.jpg
204.xml,204.jpg,dataset\images\204.jpg,204,ede7aa3c564ccc1c2adfa02a3a7b0bea8391ec79b4a0e9d7dc54b6e79412da19,969,1301,4,pothole_water,pothole_water|pothole_water|pothole|damage,0,dataset\images\204.jpg
205.xml,205.jpg,dataset\images\205.jpg,205,7f5bebb95e214e289a640a954c0989bee027282f4901474e3290760358a3c4e8,1536,2048,3,pothole_water,pothole_water|pothole_water|pothole_water,0,dataset\images\205.jpg
206.xml,206.jpg,dataset\images\206.jpg,206,5d58e3bf5378cdfdc6c1a639f9218145a98d14ef77f73db8701084eaa725bedf,625,352,2,damage,pothole_water|damage,0,dataset\images\206.jpg
207.xml,207.jpg,dataset\images\207.jpg,207,6e3712ff15c6e67f2ca5f30de5551bae7b804d7d51bd496f9502a9b108ea5766,600,400,1,pothole_water,pothole_water,0,dataset\images\207.jpg
208.xml,208.jpg,dataset\images\208.jpg,208,9c205541d0a14164c7ca89fc65f648f38cbb2262be0bdc955b4e567bff36328c,640,480,3,pothole_water,pothole_water|pothole_water|pothole_water,0,dataset\images\208.jpg
209.xml,209.jpg,dataset\images\209.jpg,209,7039f61086414f95978cb9060e019c080b2e6b3bfc2fe8abb88242354355f4f0,590,590,1,pothole_water,pothole_water,0,dataset\images\209.jpg
21.xml,21.jpg,dataset\images\21.jpg,21,86004eb0ad229c99c9e679842d196cd7ce88da6223992f40f2b12abcac720ad1,324,216,3,pothole_water,pothole_water|pothole_water|pothole_water,0,dataset\images\21.jpg
210.xml,210.jpg,dataset\images\210.jpg,210,ef496db41224ce3a641d6bacc7b618e63e4c2abaf8f779e86b94ed85b062cba3,600,450,2,pothole_water,pothole_water|pothole_water,0,dataset\images\210.jpg
211.xml,211.jpg,dataset\images\211.jpg,211,9f3ff361c646f64618f8454076b3f15ad91ae35a39d90fb408a46671901bac8f,3200,1680,1,pothole_water,pothole_water,0,dataset\images\211.jpg
212.xml,212.jpg,dataset\images\212.jpg,212,af5ced03d4458e4c3b63def70af4a9b62e56f68afa1d17fb68688569640fe20b,720,405,2,pothole_water,pothole_water|pothole_water,0,dataset\images\212.jpg
213.xml,213.jpg,dataset\images\213.jpg,213,9715b78257c0155882629befcea0ce06cebab110055f857ff4825f9512cbf8c1,1280,720,3,damage,damage|damage|damage,0,dataset\images\213.jpg
214.xml,214.jpg,dataset\images\214.jpg,214,ee3597ff4ca942495ab3163880ced18e04586b1e90042ef74c02dd520e673a3d,960,640,1,pothole,pothole,0,dataset\images\214.jpg
215.xml,215.jpg,dataset\images\215.jpg,215,c463a93d4e3cfb464103f78d84e66def8e883dccd7ce825a50eb877241b2843e,759,422,2,damage,damage|pothole_water,0,dataset\images\215.jpg
216.xml,216.jpg,dataset\images\216.jpg,216,1dff81bbb6e3d3d6e8a3d6e79dfdda2d0e97b70b2af3c86dbfa86a7d66abbe29,268,178,1,damage,damage,0,dataset\images\216.jpg
217.xml,217.jpg,dataset\images\217.jpg,217,1c23ce79a667173a5c057c88c20140b03ea12254845a0ae0347c9f85b1bd1e65,696,464,1,pothole_water,pothole_water,0,dataset\images\217.jpg
218.xml,218.jpg,dataset\images\218.jpg,218,cb22eea0e499a5c39a10b62be01b3dc457dbf50fb1a058217fe441fa2120ca73,450,318,4,pothole,pothole|pothole|pothole_water|pothole_water,0,dataset\images\218.jpg
219.xml,219.jpg,dataset\images\219.jpg,219,0d17c7b623e5784190a1b6f51e91b9a0571d5a9e4046882f491d82ea1aa7a1d8,494,335,1,pothole_water,pothole_water,0,dataset\images\219.jpg
22.xml,22.jpg,dataset\images\22.jpg,22,2fae5c9b171f29775061bff5743d470e1682cac876c282cf1cd68ff9489bff39,4032,3024,2,crack,crack|pothole,0,dataset\images\22.jpg
220.xml,220.jpg,dataset\images\220.jpg,220,4ace01c9fc53e8259891cb373164896b319a512dd13b3ab1756ee6d4fd69e1c7,450,600,1,pothole,pothole,0,dataset\images\220.jpg
221.xml,221.jpg,dataset\images\221.jpg,221,40eb3bedf6a75d222963f80b762ba913ee03061dbc5295c12ed35665ca0c6e8a,1920,1080,1,pothole,pothole,0,dataset\images\221.jpg
222.xml,222.jpg,dataset\images\222.jpg,222,788bb15e7173c97e56672ff8610f4e4f4eb55c3df510e7551c1afb9addae37d7,700,415,1,pothole,pothole,0,dataset\images\222.jpg
223.xml,223.jpg,dataset\images\223.jpg,223,62b6b75c3a82d8b3366832dc891d044a9fb01d260ed0539a52f73e12e4c1dddb,726,484,1,pothole_water,pothole_water,0,dataset\images\223.jpg
224.xml,224.jpg,dataset\images\224.jpg,224,912934f8a9d23fe50e7de031cfbcbc5a617c3b7d3ba49380c8142ccff53e8c55,1280,720,3,pothole_water,pothole_water|pothole_water|pothole_water,0,dataset\images\224.jpg
225.xml,225.jpg,dataset\images\225.jpg,225,c0d553d1d20ce6e4f1b919eac0c1b0a247f76a23c0f9f96790f89c439f115f0a,640,426,2,damage,damage|damage,0,dataset\images\225.jpg
226.xml,226.jpg,dataset\images\226.jpg,226,280897bbe2e73b6c6dfb4cea7f3590c0836e336dfeeca2817d8c7275081025bc,640,480,3,pothole_water,pothole_water|pothole_water|pothole_water,0,dataset\images\226.jpg
227.xml,227.jpg,dataset\images\227.jpg,227,984bda8fea350cd849f70026ffd912ff54b5766e0a7b4dbd9416a8d9e07f40b9,770,433,1,pothole_water,pothole_water,0,dataset\images\227.jpg
228.xml,228.jpg,dataset\images\228.jpg,228,8529a2fd01f3b7826c077026e670a9570fa5ff2369fbf6ef5de854b568e702ca,640,360,1,pothole_water,pothole_water,0,dataset\images\228.jpg
229.xml,229.jpg,dataset\images\229.jpg,229,e52ea0b8a6e993a3c2d391ec633b145edd652fe3b5d2f6d49c8cae8d3316820a,448,262,1,pothole_water,pothole_water,0,dataset\images\229.jpg
23.xml,23.jpg,dataset\images\23.jpg,23,872ec0da54e6f52f45166fe280105d7d0ac78c9c60cc847561b015654900b112,590,350,2,pothole_water,pothole_water|pothole_water,0,dataset\images\23.jpg
230.xml,230.jpg,dataset\images\230.jpg,230,c970831894cfb90be16cf5a6b925020091fd12f1afb5545dd87a286b89d586b0,400,267,2,damage,damage|damage,0,dataset\images\230.jpg
231.xml,231.jpg,dataset\images\231.jpg,231,9c725e771b1d11a09bbfbd7156debb82a4a9814c73a68c62741a7a79c35a86d8,857,1289,1,damage,damage,0,dataset\images\231.jpg
232.xml,232.jpg,dataset\images\232.jpg,232,f54005d8b6938fb61d2ee93c35d403e50ae3c7401f93f9c52d82eddfb3c194d7,1200,800,2,crack,pothole|crack,0,dataset\images\232.jpg
233.xml,233.jpg,dataset\images\233.jpg,233,39e11e1ca781a220ff256e51c394a0c7f472d0a9a9c86af60b0718a5766f7e07,678,381,4,pothole,pothole_water|pothole|pothole_water|pothole,0,dataset\images\233.jpg
234.xml,234.jpg,dataset\images\234.jpg,234,eb64c8cc3d01cdb5463cc6d431c23e775e867e2fc6e2addb2865a48bca3595b4,650,968,2,damage,damage|damage,0,dataset\images\234.jpg
235.xml,235.jpg,dataset\images\235.jpg,235,e25e2dd78118fa831e3c4cea5ecba231a03c8c4e302e468f3a03733f8e14ee60,861,1281,5,damage,damage|damage|damage|damage|damage,0,dataset\images\235.jpg
236.xml,236.jpg,dataset\images\236.jpg,236,ed12f31dd13846075b8bf0c561bb6262c7701c638191206a0812e47872488b10,856,1285,3,damage,damage|damage|damage,0,dataset\images\236.jpg
237.xml,237.jpg,dataset\images\237.jpg,237,428ecbf3873b2d739457181f78e97903ab9b66eafd7f7fe864b25c49a6d96ffa,518,345,3,damage,damage|damage|damage,0,dataset\images\237.jpg
238.xml,238.jpg,dataset\images\238.jpg,238,7a91fed05fc4180fbae188fb750efa22e5be7f20ce6938ed1ee25a901a05f483,1600,1200,3,pothole,pothole|pothole|crack,0,dataset\images\238.jpg
239.xml,239.jpg,dataset\images\239.jpg,239,d9905aea1ab2fc21c9f328182745f30c1a131f4cab662fa74dbbc2d87aa8ff7e,720,410,2,damage,damage|pothole,0,dataset\images\239.jpg
24.xml,24.jpg,dataset\images\24.jpg,24,e6b065f69877e1671a74e14eab3d7ff397338f7d89b5ba6101cae5060addda93,849,1291,4,pothole_water,pothole_water|pothole_water|pothole_water|pothole_water,0,dataset\images\24.jpg
240.xml,240.jpg,dataset\images\240.jpg,240,65d4b8f502cfe696d02538f5b102becba968d1217649cea49ab5504f291f725b,1500,1101,2,pothole,pothole|pothole,0,dataset\images\240.jpg
241.xml,241.jpg,dataset\images\241.jpg,241,98befd38023cdac269ac38993bdd69ad462e005f6cac696994a622c77f6e2949,300,200,3,pothole_water,pothole_water|pothole_water|damage,0,dataset\images\241.jpg
242.xml,242.jpg,dataset\images\242.jpg,242,c154f2f821d7f168f9b4762286199f27d8b8efa744f1993aa8bef80319020a12,450,600,1,damage,damage,0,dataset\images\242.jpg
243.xml,243.jpg,dataset\images\243.jpg,243,0a22122ab48c9b000d6a5a1cd9386a0f8f41cde83c778944dd9e679b7d37807c,720,405,3,pothole_water,pothole_water|pothole_water|pothole_water,0,dataset\images\243.jpg
244.xml,244.jpg,dataset\images\244.jpg,244,455614e0c2738cd7d3b56ead322b976e337dee22ae3eaa095e6c148fc5f89fc3,921,596,1,pothole,pothole,0,dataset\images\244.jpg
245.xml,245.jpg,dataset\images\245.jpg,245,67d9f2e27f446f2f662387fe1a1b1e586a9a5c908e5904c3541ae9b6874ebaa6,204,170,2,damage,damage|damage,0,dataset\images\245.jpg
246.xml,246.jpg,dataset\images\246.jpg,246,543dd00d7199a57a0fc4286df60dfc0c4554136e47de86f566fb18da77d12985,624,351,1,pothole_water,pothole_water,0,dataset\images\246.jpg
247.xml,247.jpg,dataset\images\247.jpg,247,dae65c9f2e7d47f2383b6ce39a7f08556e3e41a69e56acdf35f1a6c100f7bf97,534,401,2,pothole,pothole|pothole,0,dataset\images\247.jpg
248.xml,248.jpg,dataset\images\248.jpg,248,a6f1b64cf86bc7bb56997fcc6c570ad92f058b779642162c8580d0c387a49397,135,180,3,pothole,pothole|pothole|pothole,0,dataset\images\248.jpg
249.xml,249.jpg,dataset\images\249.jpg,249,ba8af945ec6bc8803931738b85c4dbcb846867ed3917c31b7b1535be1e5d582f,300,224,3,crack,pothole|damage|crack,0,dataset\images\249.jpg
25.xml,25.jpg,dataset\images\25.jpg,25,ce3a759c35b7fc0677c51bd82bf2d7017e025c3bfdb7ce6b294713a10ddf98bd,450,337,1,pothole,pothole,0,dataset\images\25.jpg
250.xml,250.jpg,dataset\images\250.jpg,250,9b7bf837310e23442baf7f9c8604bad5bda1c581d34965603dff89b941fb80e1,350,378,5,pothole,pothole|pothole|pothole|pothole|pothole,0,dataset\images\250.jpg
251.xml,251.jpg,dataset\images\251.jpg,251,35fde951e0610fb2dd915efd1c3237120497a06b8ac5f851d52e694a838a1a0a,1297,861,3,damage,damage|damage|damage,0,dataset\images\251.jpg
252.xml,252.jpg,dataset\images\252.jpg,252,7dd0cc76715986bcb00d505b65b06d8c41eec16bf449215057a8ad191c397b11,1297,855,1,damage,damage,0,dataset\images\252.jpg
253.xml,253.jpg,dataset\images\253.jpg,253,dbbfeb4335e2b0f116c863666d5cbf8d3d7ab7c4f79e9a90a8eb4636759accb9,450,300,3,pothole,pothole|pothole|pothole,0,dataset\images\253.jpg
254.xml,254.jpg,dataset\images\254.jpg,254,89fda10d54b6e52195d1fc9520652edb657b42ff96c5ed96338f1a6168c3a8d1,752,564,1,pothole,pothole,0,dataset\images\254.jpg
255.xml,255.jpg,dataset\images\255.jpg,255,4ad153eada569d8ec624bb404d186cb33c1db73ab903b1a9f13e24597503ee9d,1920,1080,2,pothole,pothole_water|pothole,0,dataset\images\255.jpg
256.xml,256.jpg,dataset\images\256.jpg,256,9ece7fc1da6cfba88d94de2271d47eb04479aa16f230f49b71f343ab2ce9603c,1215,682,2,pothole_water,pothole_water|pothole_water,0,dataset\images\256.jpg
257.xml,257.jpg,dataset\images\257.jpg,257,eb773cd1ce6b07e0940f50fcc854e851a49ebb988bc3a4f3772249e3f19af1ed,400,266,4,damage,pothole|damage|pothole|damage,0,dataset\images\257.jpg
258.xml,258.jpg,dataset\images\258.jpg,258,5ab54eea2dcf6171ba1552b9e8ba7ea8b955456b1cd5b07ef2f075555be12320,960,540,4,pothole_water,pothole_water|pothole_water|pothole_water|pothole_water,0,dataset\images\258.jpg
259.xml,259.jpg,dataset\images\259.jpg,259,8a884b0a568adf2ee2ab6af14a336c47353f0002c7f54a7f8cfe4ac5e3e57f22,760,503,2,pothole,pothole|pothole,0,dataset\images\259.jpg
26.xml,26.jpg,dataset\images\26.jpg,26,25a5234f19e63af8cc93f1b9f3f7a7a90a125ff411b174c8263fd93370b181c2,1300,866,2,pothole,pothole|pothole,0,dataset\images\26.jpg
260.xml,260.jpg,dataset\images\260.jpg,260,072228204cf3ea0854892b65bc129eff11f590f31fd31f39f089d7cf823436c7,2525,1590,4,damage,crack|damage|damage|damage,0,dataset\images\260.jpg
261.xml,261.jpg,dataset\images\261.jpg,261,81e634f426e8d7825d846429de4a2214279873e52a0f7d19844bee781a99c1e8,400,300,1,pothole,pothole,0,dataset\images\261.jpg
262.xml,262.jpg,dataset\images\262.jpg,262,aba07b0df40decfe08254fb678f91ec05f346ae17aef1c423fa41cc64000f7ac,842,561,5,damage,pothole_water|damage|damage|damage|damage,0,dataset\images\262.jpg
263.xml,263.jpg,dataset\images\263.jpg,263,5d58e3bf5378cdfdc6c1a639f9218145a98d14ef77f73db8701084eaa725bedf,625,352,1,pothole_water,pothole_water,1,dataset\images\206.jpg
264.xml,264.jpg,dataset\images\264.jpg,264,a8f9c40b33153cccccb0a0d8e4ab2c1cf20a0576dbb2ac59e8d523f65e74c48e,1200,1600,2,pothole_water,pothole_water|pothole_water,0,dataset\images\264.jpg
265.xml,265.jpg,dataset\images\265.jpg,265,a656d40d4b38d7ef39fffb3901a924827a8cfeeffbf0a72e8f485dce2c1b8403,400,267,3,pothole_water,pothole_water|crack|pothole_water,0,dataset\images\265.jpg
266.xml,266.jpg,dataset\images\266.jpg,266,f875569457cba3c22ee78967e4deca871726ac7e4b2a98012b15df0a565d88f2,759,422,4,pothole_water,pothole_water|pothole_water|pothole_water|pothole_water,0,dataset\images\266.jpg
267.xml,267.jpg,dataset\images\267.jpg,267,efc95eab3b72756ba9c7f647f85d2e63b6aa2df527e03968e1693daea44c095a,518,355,3,pothole,pothole|pothole|pothole,0,dataset\images\267.jpg
268.xml,268.jpg,dataset\images\268.jpg,268,3f57820c8073ab69462f2bf4c6eb46da50790f318698dc7c41cb67ba8fa60bbb,1000,667,1,pothole_water,pothole_water,0,dataset\images\268.jpg
269.xml,269.jpg,dataset\images\269.jpg,269,98f7f3ba97876f097f2e8d9547adf45491aec72775910dc8e6f8ca67682569b1,628,362,1,pothole_water,pothole_water,0,dataset\images\269.jpg
27.xml,27.jpg,dataset\images\27.jpg,27,b8e243fcd65d4c4ced32ef152e7c9f0dea8e5c5cce1bd859313b0b25543884cd,2500,1667,2,pothole,pothole_water|pothole,0,dataset\images\27.jpg
270.xml,270.jpg,dataset\images\270.jpg,270,fb113ea878f56d3d6179a18ba7896b011ca2d4e69ae969f25630580c81b44715,615,409,1,damage,damage,0,dataset\images\270.jpg
271.xml,271.jpg,dataset\images\271.jpg,271,b1a0acbcdcd78aaaf99aa8e932d20993c3a8202373d85eea6a02ce0f27cc20a4,618,410,4,pothole,pothole|damage|pothole|pothole_water,0,dataset\images\271.jpg
272.xml,272.jpg,dataset\images\272.jpg,272,fa454df49583c12b7d711dc10bdf2a1a71f71b0be4ab912c1e256fc041a55e43,1500,1125,1,pothole,pothole,0,dataset\images\272.jpg
273.xml,273.jpg,dataset\images\273.jpg,273,edf11deb3d811c7813645d299a89af75812deebc187f34f919d8ea305640033f,300,200,1,pothole,pothole,0,dataset\images\273.jpg
274.xml,274.jpg,dataset\images\274.jpg,274,336065df1160cbe491386423ccf5f0281798e8e98b9fbb9f864f799e51e52a21,610,450,3,pothole_water,pothole_water|pothole_water|pothole_water,0,dataset\images\274.jpg
275.xml,275.jpg,dataset\images\275.jpg,275,0dc9b29e380c41eb700f25331c7a1f6f19bf20c71519346cbc50701dc3afcb97,306,588,4,damage,pothole|damage|damage|damage,0,dataset\images\275.jpg
276.xml,276.jpg,dataset\images\276.jpg,276,9c248cf594bfc9abac1ec91582c11d7cb421772a228068f07515b2b31f3d3d7a,640,480,3,damage,pothole|pothole_water|damage,0,dataset\images\276.jpg
277.xml,277.jpg,dataset\images\277.jpg,277,0272289a7b28f8bd6278af9255fb8f90550f1658f95a2da06ad82959ee1c7cb6,800,530,1,pothole,pothole,0,dataset\images\277.jpg
278.xml,278.jpg,dataset\images\278.jpg,278,63c5637fb3d4188b60bef6dd5d9b9a995d35f1d0750f2b5a0ed8f0e8ba3bf29d,640,480,1,pothole,pothole,0,dataset\images\278.jpg
279.xml,279.jpg,dataset\images\279.jpg,279,227effe6b0071502667f17e35e76dd47628adb13153fcfa3e00ad34ab3650095,647,404,2,pothole_water,pothole_water|pothole_water,0,dataset\images\279.jpg
28.xml,28.jpg,dataset\images\28.jpg,28,53257c351904f98d1277cbeb36cfb992be150e513fb1c7711e62326af0f4f5c8,535,443,1,pothole_water,pothole_water,0,dataset\images\28.jpg
280.xml,280.jpg,dataset\images\280.jpg,280,47e97b2c5c1ab08816032ae1ffb3cf74171bd417734dfa418ce91502861ff137,534,401,4,crack,pothole_water|crack|crack|crack,0,dataset\images\280.jpg
281.xml,281.jpg,dataset\images\281.jpg,281,686d32014a08526c75c66b4f5e804b5176393e7c3fa456476202e0dddb4d9bcb,1299,855,2,damage,damage|damage,0,dataset\images\281.jpg
282.xml,282.jpg,dataset\images\282.jpg,282,96cd871c99cc69d468ace4c56d1481e98d7eb76eda10c13832f5bd7c4d5b0309,678,381,2,pothole_water,pothole_water|pothole_water,0,dataset\images\282.jpg
283.xml,283.jpg,dataset\images\283.jpg,283,0e51061cfa726b71a3469094df2af7a5e17f33ef932a8be791ef5fb3dfbf6dde,857,1285,4,pothole,damage|pothole|pothole|pothole,0,dataset\images\283.jpg
284.xml,284.jpg,dataset\images\284.jpg,284,87ed5ec930ab3eb22faf59cacd8e1f0adb85f900fb2a6978f4eb366b7c993e9c,620,410,2,crack,pothole_water|crack,0,dataset\images\284.jpg
285.xml,285.jpg,dataset\images\285.jpg,285,4c11cddce45a729f775f770109aadff096b79993e4fa1d65da9c23299ab0827a,200,150,3,crack,pothole|crack|crack,0,dataset\images\285.jpg
286.xml,286.jpg,dataset\images\286.jpg,286,63909de5f12858aee32696109b5e43cb9817f66a03c6e8d859eb82ed9a674aff,1280,720,2,pothole_water,pothole_water|pothole_water,0,dataset\images\286.jpg
287.xml,287.jpg,dataset\images\287.jpg,287,a5b8fa5ef6fb7c6145bfa62149bf08840d08f037a9509491cd1bb6a458b07c11,784,441,4,pothole_water,pothole_water|pothole_water|pothole_water|pothole_water,0,dataset\images\287.jpg
288.xml,288.jpg,dataset\images\288.jpg,288,71aef9390e67a755b424a2d232ed0c7e4c34ae863a16f198b6438ac2558001c4,1024,683,1,pothole,pothole,0,dataset\images\288.jpg
289.xml,289.jpg,dataset\images\289.jpg,289,c4b8469b22357a5da92177f8816de1f0fb747a4647054331b134a63456b23955,636,437,4,pothole_water,pothole_water|pothole_water|pothole_water|pothole_water,0,dataset\images\289.jpg
29.xml,29.jpg,dataset\images\29.jpg,29,342b9c3ad275304fa7a204252c15410cc8747f441c5279da955d9edbda890e02,200,200,3,pothole,pothole|pothole|pothole,0,dataset\images\29.jpg
290.xml,290.jpg,dataset\images\290.jpg,290,5c005aa36ca1c9a7921d3f64e44b3e10489fc99ebcffa5afcbd7ca5a20649b11,400,160,1,pothole,pothole,0,dataset\images\290.jpg
291.xml,291.jpg,dataset\images\291.jpg,291,e0a3f97b5ec27bc61ad4ced803c9ffc77ee5fde90abd7d11bd24c59ddc51a081,2048,1365,2,damage,damage|damage,0,dataset\images\291.jpg
292.xml,292.jpg,dataset\images\292.jpg,292,65c90aa92bf70a1c8ec494d295d18e022fa6519d9711d15783aa62d3af41c084,1080,675,3,pothole,damage|pothole|pothole,0,dataset\images\292.jpg
293.xml,293.jpg,dataset\images\293.jpg,293,c8b0f753039792279553aecd3003225e1723ef5696d639ed3ccf0ec51bc64747,895,800,1,pothole,pothole,0,dataset\images\293.jpg
294.xml,294.jpg,dataset\images\294.jpg,294,2183bf94eee95c5f5b3ecea105c6c7deb167dfda479e401f2d08a4610df0b6ef,1280,720,2,pothole_water,pothole_water|pothole_water,0,dataset\images\294.jpg
295.xml,295.jpg,dataset\images\295.jpg,295,70a253ad22cfcb0422b81ee0a050b171009b2aa164c40cf1a5e7c65d9a409cca,960,541,2,pothole,pothole|pothole,0,dataset\images\295.jpg
296.xml,296.jpg,dataset\images\296.jpg,296,4e3ea293c066ce86188f89db1fefde48a27067e25aefae5bf3c956e5220953f3,1140,1508,3,crack,pothole_water|damage|crack,0,dataset\images\296.jpg
297.xml,297.jpg,dataset\images\297.jpg,297,324727b90aab9314ad43bb528008d8065bc4729e160a033b5b0ef42d238e85a6,400,300,1,pothole,pothole,0,dataset\images\297.jpg
298.xml,298.jpg,dataset\images\298.jpg,298,7dd8d742512468958c68dceafaa96abe48696c2c8e75d7639fdbda828b354297,800,450,2,pothole,pothole|pothole,0,dataset\images\298.jpg
299.xml,299.jpg,dataset\images\299.jpg,299,c023ec048434036a34512e5721ee26357a649a4cec114ded6b3a31a2e08e1bfa,1024,576,2,crack,pothole|crack,0,dataset\images\299.jpg
3.xml,3.jpg,dataset\images\3.jpg,3,a43a89c8ba57350bcfe0001075448d68c9eb508802a949f6f1c62f6f0aa3319d,630,471,1,pothole,pothole,0,dataset\images\3.jpg
30.xml,30.jpg,dataset\images\30.jpg,30,4eca2dd4328a59b067ff63b6c22d190096f6646fc9aa159ad205cfe27ccba57e,637,425,3,pothole,pothole|pothole_water|pothole,0,dataset\images\30.jpg
300.xml,300.jpg,dataset\images\300.jpg,300,3daf0242cd276d2a68034f6256c3c422834a1cf8e2935ac8351c1c431e03d1ec,800,532,2,crack,pothole_water|crack,0,dataset\images\300.jpg
301.xml,301.jpg,dataset\images\301.jpg,301,88a3e6e7491a006dc6d3df3d97f077cc0b968ada9595cd5166cd12af7e6209c8,1024,680,4,pothole_water,pothole_water|pothole_water|pothole_water|pothole_water,0,dataset\images\301.jpg
302.xml,302.jpg,dataset\images\302.jpg,302,87528e6b79eae33f82e4da362f02b575d94dedec04c3b319fac163de97d3fd24,1293,859,2,damage,pothole|damage,0,dataset\images\302.jpg
303.xml,303.jpg,dataset\images\303.jpg,303,8f491697d2cddc0854188b2b83395c9b7b0860a90dd5dde53879916849ee4354,1024,768,2,pothole_water,pothole_water|pothole_water,0,dataset\images\303.jpg
304.xml,304.jpg,dataset\images\304.jpg,304,d9aab1d326ddf3dc93bf7375310d7cdfa5116cc06afc1a64602d4c01f9180662,650,488,1,pothole,pothole,0,dataset\images\304.jpg
305.xml,305.jpg,dataset\images\305.jpg,305,26c13fa15b8938e6fe973849b1a1d4efc3a26538e8191305cc8ecaa25c84f428,1200,600,1,pothole,pothole,0,dataset\images\305.jpg
306.xml,306.jpg,dataset\images\306.jpg,306,e5b341e3e6359d58634b49ab68f66cabae2e68d2e9e45e32f3157d04d2da47ec,1280,792,1,pothole_water,pothole_water,0,dataset\images\306.jpg
307.xml,307.jpg,dataset\images\307.jpg,307,bf3ea394b3db9be769b664b378214b019bcee131639c90b0de28f79956491927,3264,1836,4,damage,damage|damage|damage|damage,0,dataset\images\307.jpg
308.xml,308.jpg,dataset\images\308.jpg,308,f2433904defcb281b522d3169922ec98e18081170453df59ce7ec771d1a294da,1368,768,2,damage,damage|damage,0,dataset\images\308.jpg
309.xml,309.jpg,dataset\images\309.jpg,309,e710451ba20493587ca6b88311d5e42b1dd287fc6f6be17601dd134b7688ff92,1000,569,1,pothole_water,pothole_water,0,dataset\images\309.jpg
31.xml,31.jpg,dataset\images\31.jpg,31,50ac22e5820e21f93a82572f311b4e505dbae8ace4f1766e270bd3c1885e14d3,991,1200,1,pothole_water,pothole_water,0,dataset\images\31.jpg
310.xml,310.jpg,dataset\images\310.jpg,310,dd29eaf1cfb5ada5b44ab722d9179d929586aa023f7b81c060d8d52867a0ce0e,800,534,3,pothole_water,pothole_water|pothole_water|pothole_water,0,dataset\images\310.jpg
311.xml,311.jpg,dataset\images\311.jpg,311,77ff4bcc76206efc1279420690c16198836a11a6f1b15c186361de3ed09313d6,940,528,1,pothole_water,pothole_water,0,dataset\images\311.jpg
312.xml,312.jpg,dataset\images\312.jpg,312,a97213c65e1d5e21907a0d77a9f70a23fe1a26d860c60a12cfb45d4dcc34ba79,534,401,4,damage,damage|damage|damage|damage,0,dataset\images\312.jpg
313.xml,313.jpg,dataset\images\313.jpg,313,2d41ced82e7d9088731a8e313a6f825c7c447986acfa4e1aa8a3e304ba48edb7,670,434,1,pothole,pothole,0,dataset\images\313.jpg
314.xml,314.jpg,dataset\images\314.jpg,314,6523e071c4a97e04cedb349469f4c7a7e013931e6c2f660f38a41daf8b9f8c86,2592,1936,4,pothole_water,pothole_water|pothole_water|pothole_water|pothole_water,0,dataset\images\314.jpg
315.xml,315.jpg,dataset\images\315.jpg,315,9843ce6162420300443d188d6876ea74fc1326ff63f50dc644a27beca6720fa0,400,266,1,pothole,pothole,0,dataset\images\315.jpg
316.xml,316.jpg,dataset\images\316.jpg,316,467731b02ae73f7cb898ddab8222fc11e360e19fcaa0b6b432f40e62495ad28f,600,400,1,pothole,pothole,0,dataset\images\316.jpg
317.xml,317.jpg,dataset\images\317.jpg,317,cd195ac4a325f5fe96915f4fc4ee39cc137bc68b0a152dfe7562c80d1ca4fa0c,576,768,5,pothole,pothole_water|pothole|pothole|damage|pothole_water,0,dataset\images\317.jpg
318.xml,318.jpg,dataset\images\318.jpg,318,6b90bef075811474a487f56713e364d0a254fe7130eebfdde7d09bb73b3ad0e7,647,404,1,pothole_water,pothole_water,0,dataset\images\318.jpg
319.xml,319.jpg,dataset\images\319.jpg,319,077484be34dd4fc04c17f81a3e5d54a94d29fb5a026dabfd9d83dfb52776b43f,1200,800,1,pothole,pothole,0,dataset\images\319.jpg
32.xml,32.jpg,dataset\images\32.jpg,32,c1779859b1467e1c595670aaa30187a1b501ad8743e1b1a6e8011541bd45b15c,700,466,2,pothole_water,pothole_water|pothole_water,0,dataset\images\32.jpg
320.xml,320.jpg,dataset\images\320.jpg,320,bacd6d13f034352964273c1b5784e3fc157646896052e50fa15e51a888fe4841,620,387,2,crack,crack|pothole_water,0,dataset\images\320.jpg
321.xml,321.jpg,dataset\images\321.jpg,321,433fb67aaa000e88db28740d143ae0815ee461d09cc461afb534a14ac61e4112,968,681,2,pothole,pothole|pothole_water,0,dataset\images\321.jpg
322.xml,322.jpg,dataset\images\322.jpg,322,3aae00d1cb3cc3a4d0694fea8bc50b613dd148e6857895abbf01ef387980e98f,400,225,2,pothole,pothole|pothole,0,dataset\images\322.jpg
323.xml,323.jpg,dataset\images\323.jpg,323,e659b391d33f029e6318019416ccef3cdcada39635b370642301dab65e59668c,1100,733,2,pothole,pothole_water|pothole,0,dataset\images\323.jpg
324.xml,324.jpg,dataset\images\324.jpg,324,ed676e7a8a12429bd585d440997c9d8607527c31eca3ea9e4c0c8dd16d07adcb,1299,861,1,damage,damage,0,dataset\images\324.jpg
325.xml,325.jpg,dataset\images\325.jpg,325,905da7296f5cf6b762ccbb0bb1bbc3d26933013667a4ad448cd5d6a192343538,1000,539,3,pothole_water,pothole_water|pothole_water|pothole_water,0,dataset\images\325.jpg
326.xml,326.jpg,dataset\images\326.jpg,326,a746ddb60c20c2cfb8944f1c5da919b18e77ef3995b94f68e5ecf185849d9675,770,433,6,pothole_water,pothole_water|pothole_water|pothole_water|pothole_water|pothole_water|pothole_water,0,dataset\images\326.jpg
327.xml,327.jpg,dataset\images\327.jpg,327,c00e5e513d143858f26bfd39c4f9876ffd01c6bc081c10bd519ab4a39524b72c,500,334,2,crack,crack|crack,0,dataset\images\327.jpg
328.xml,328.jpg,dataset\images\328.jpg,328,d3ad0cfe6f4d6bf5b220b087503d144d78f6fc73f58762e4a89bab857afa92c5,1140,500,1,pothole_water,pothole_water,0,dataset\images\328.jpg
329.xml,329.jpg,dataset\images\329.jpg,329,d17989b6f925cb23ac665ff203fe665005b27eed90b49ff8de7dcab7687f47d5,640,360,1,pothole,pothole,0,dataset\images\329.jpg
33.xml,33.jpg,dataset\images\33.jpg,33,590462271f589bc0c385941210461bc9fd1ebfc717547b32c5f54dfdb9257df8,450,299,2,pothole,pothole|pothole,0,dataset\images\33.jpg
330.xml,330.jpg,dataset\images\330.jpg,330,75f6dfb21301b6ec54fd5d510d092a5b7ccb546e5dca048194ecc2de184ea61b,2800,1812,2,crack,pothole_water|crack,0,dataset\images\330.jpg
331.xml,331.jpg,dataset\images\331.jpg,331,23d27997a07e65c45749c3ebcb14aea3cf8618c996e97c0c4a4ed2adb26ed922,1280,720,3,pothole_water,pothole_water|pothole_water|pothole_water,0,dataset\images\331.jpg
332.xml,332.jpg,dataset\images\332.jpg,332,3103ea16dcf6d907eaee661cf39690aff1cc6eb2f6c948ff582643dc66e88832,2400,1600,2,pothole,pothole|pothole,0,dataset\images\332.jpg
333.xml,333.jpg,dataset\images\333.jpg,333,8e082713201bb1feca9f224755aaa6c54c9b3c8313e7dbd0d370a7836f893e6e,800,600,2,damage,pothole|damage,0,dataset\images\333.jpg
334.xml,334.jpg,dataset\images\334.jpg,334,e0889bdb9b9cd26028af66edd6d131cd6ddcdd0603071a26fdf93e2515607490,1368,768,1,pothole_water,pothole_water,0,dataset\images\334.jpg
335.xml,335.jpg,dataset\images\335.jpg,335,00cad77e63d5297b0e8407804ad03b396c8859db0f1ae0a6347feec8fbc7254e,420,315,3,crack,pothole|crack|crack,0,dataset\images\335.jpg
336.xml,336.jpg,dataset\images\336.jpg,336,83e39eda7af8994e4177afd9aa81acd0a43650d94112931f217fc08d7cfd43da,845,563,1,pothole,pothole,0,dataset\images\336.jpg
337.xml,337.jpg,dataset\images\337.jpg,337,0b369a706c58812375a1f1558bab315e69c1c80108eaa54855cc16e8134a91e5,1024,683,1,pothole_water,pothole_water,0,dataset\images\337.jpg
338.xml,338.jpg,dataset\images\338.jpg,338,5e8e574d4caf2648e2db87da7ffd662b41880e2be03cad123c6d39e0f8e0c033,480,360,1,pothole_water,pothole_water,0,dataset\images\338.jpg
339.xml,339.jpg,dataset\images\339.jpg,339,1d04cff5063db245e01fbac31dca3ab87f9a6a4c89e88efd9fe54712a8281fb4,225,150,2,crack,pothole_water|crack,0,dataset\images\339.jpg
34.xml,34.jpg,dataset\images\34.jpg,34,33698a8f370998c8f66a47a27443289a9c1d9826ef8c6ff37c8789566b8c0694,800,600,1,pothole_water,pothole_water,0,dataset\images\34.jpg
340.xml,340.jpg,dataset\images\340.jpg,340,e000b8e3c14281bbad388cb185b7881b07bc4df9f2a6e1ef849b579639e1dda1,1024,682,4,damage,pothole|crack|damage|damage,0,dataset\images\340.jpg
341.xml,341.jpg,dataset\images\341.jpg,341,ee38fc69bc5ebfb3fcaa6746b748bd0ec221639de7555399d817516946ef7f0b,640,360,1,damage,damage,0,dataset\images\341.jpg
342.xml,342.jpg,dataset\images\342.jpg,342,a81417c42a2af4b50d44f667d4061d2cf6596d5be27823fc20fb510a7dd82b90,770,433,1,pothole_water,pothole_water,0,dataset\images\342.jpg
343.xml,343.jpg,dataset\images\343.jpg,343,2034a962f9d04ad418699a0eaf97a76ac99ca9e3cefd5d07ab507391b29c8145,400,300,1,pothole,pothole,0,dataset\images\343.jpg
344.xml,344.jpg,dataset\images\344.jpg,344,16681746cadc694e4f10bd6af8e77195947ca61aa72ae7b4c826b6fe39c232a6,1780,1002,1,damage,damage,0,dataset\images\344.jpg
345.xml,345.jpg,dataset\images\345.jpg,345,0c9f165ac2c12246bea9bf3f20283d1ca6c3dcec22474cc47c209a350c3c1cb2,770,470,2,pothole,pothole_water|pothole,0,dataset\images\345.jpg
346.xml,346.jpg,dataset\images\346.jpg,346,88a3e6e7491a006dc6d3df3d97f077cc0b968ada9595cd5166cd12af7e6209c8,1024,680,4,pothole_water,pothole_water|pothole_water|pothole_water|pothole_water,1,dataset\images\301.jpg
347.xml,347.jpg,dataset\images\347.jpg,347,fb565a7c00f25b17a2cac05cb8011c91c8c6ca5ebd8afaeb75b02eabfdba9d30,840,373,4,pothole_water,pothole_water|damage|pothole|pothole_water,0,dataset\images\347.jpg
348.xml,348.jpg,dataset\images\348.jpg,348,ce46d4eac1d5633df517ce9cb1cc6b9d9744cac1e07c1057d01ef7e6c25b655d,640,426,3,pothole,pothole|crack|pothole,0,dataset\images\348.jpg
349.xml,349.jpg,dataset\images\349.jpg,349,8918ee6338319a3033aba32ecb421cce66b1009f59b29372ae89df220d7809b1,784,441,3,pothole_water,pothole_water|pothole_water|pothole_water,0,dataset\images\349.jpg
35.xml,35.jpg,dataset\images\35.jpg,35,cb88e5bb71d026773d2e37d93b5eade1e6c43f6bb3880a5a0083403e020fb13c,420,316,1,pothole_water,pothole_water,0,dataset\images\35.jpg
350.xml,350.jpg,dataset\images\350.jpg,350,3a2c9761abb67df8711a1d60c03b0b9cea4fd24c07945de6d7b9da5c6575bd79,400,253,2,pothole,pothole_water|pothole,0,dataset\images\350.jpg
351.xml,351.jpg,dataset\images\351.jpg,351,7e7aa71b16eff995cbe9d57f90c76bc5b57adc6b8cf2dec9aeba90d69d212f88,534,401,1,pothole_water,pothole_water,0,dataset\images\351.jpg
352.xml,352.jpg,dataset\images\352.jpg,352,12de8b3531db8db6d23ab37b54e37f1e0c2b763a52cfdcd1921320477a56d0ca,740,385,3,pothole_water,pothole_water|pothole_water|damage,0,dataset\images\352.jpg
353.xml,353.jpg,dataset\images\353.jpg,353,201155212814125d342a07bdf8db540bc153cdd01e0a5867330a5aed59113972,370,204,1,damage,damage,0,dataset\images\353.jpg
354.xml,354.jpg,dataset\images\354.jpg,354,8f3eec2083543e13d08a0893375a7a84848090ac69646a76f390276c4c6032b6,620,349,1,pothole,pothole,0,dataset\images\354.jpg
355.xml,355.jpg,dataset\images\355.jpg,355,5dbaf9d8268605e9470f550e3cf58691282b82e572a15e354794a808ae953954,320,240,1,pothole_water,pothole_water,0,dataset\images\355.jpg
356.xml,356.jpg,dataset\images\356.jpg,356,4fe708ff49f37617651bad6c359aad0f487589d1ae5ab8034ea8bcf69877e096,620,349,1,pothole_water,pothole_water,0,dataset\images\356.jpg
357.xml,357.jpg,dataset\images\357.jpg,357,8f4c4a177f7e942cbc69db290837179bb7b44e8b673e0fffb33c03be01a2643d,1280,720,5,pothole_water,pothole_water|pothole_water|pothole_water|pothole_water|pothole_water,0,dataset\images\357.jpg
358.xml,358.jpg,dataset\images\358.jpg,358,7b223b4fb0b82e5540ff54c66907725c885c74839da525d0454d9c0edea95363,405,363,4,pothole_water,pothole_water|pothole_water|pothole_water|pothole_water,0,dataset\images\358.jpg
359.xml,359.jpg,dataset\images\359.jpg,359,e7c3d15218f069e80b6a9cb7dce7e7215ccd65747fa886953cae91e02c28a1eb,2000,1329,6,crack,damage|damage|pothole|crack|crack|crack,0,dataset\images\359.jpg
36.xml,36.jpg,dataset\images\36.jpg,36,a2a3697c915b34a34a19d41cef46d8a4f69d04fb10b4af6406031a290a38eeb3,634,510,3,pothole,pothole|pothole|pothole,0,dataset\images\36.jpg
360.xml,360.jpg,dataset\images\360.jpg,360,d631bc9a8611e8ee7864cb033392e144724c609da14009187ea53c65cbbce3f6,1280,720,3,pothole_water,damage|pothole_water|pothole_water,0,dataset\images\360.jpg
361.xml,361.jpg,dataset\images\361.jpg,361,fafd849aeebea5b839b0c049b6ad15053da8d14ce69bd12ffef388a902274911,660,466,4,pothole_water,pothole_water|pothole_water|pothole_water|damage,0,dataset\images\361.jpg
362.xml,362.jpg,dataset\images\362.jpg,362,def7390e4f4afaa2ae2492d4d4707160bb3f8f6723e607342b335b7cc815e2a2,960,547,4,pothole_water,pothole_water|pothole_water|pothole_water|pothole_water,0,dataset\images\362.jpg
363.xml,363.jpg,dataset\images\363.jpg,363,9c77112ed3d864288108ff587bb47c3dc1fe473112a73167ac800ccca9a126f3,800,477,1,pothole_water,pothole_water,0,dataset\images\363.jpg
364.xml,364.jpg,dataset\images\364.jpg,364,2db65e9e0fead0399f6668303321852d522b385183c276f2a5cf6e1ee05d9841,800,598,1,damage,damage,0,dataset\images\364.jpg
365.xml,365.jpg,dataset\images\365.jpg,365,1a5e6925fa86763b01ec08035be8c1227c1f42b4d374ab10bb52acd0595daba9,1000,750,3,pothole,pothole|pothole|crack,0,dataset\images\365.jpg
366.xml,366.jpg,dataset\images\366.jpg,366,796e9ef3c4888cd0cff0a1aadb4caf7e445f8becf6655db111d1cfb7c4575de9,1024,687,1,damage,damage,0,dataset\images\366.jpg
367.xml,367.jpg,dataset\images\367.jpg,367,61c606d97a27a2bd07fe378a3f07ba511fb4bc5f6f7ee4643896a49e6071f86f,1000,638,2,pothole_water,pothole_water|pothole_water,0,dataset\images\367.jpg
368.xml,368.jpg,dataset\images\368.jpg,368,df5c22a38705ff53bb95bcb0b318edfb24bac1086a11dda67a2756423408985b,1632,1224,1,pothole_water,pothole_water,0,dataset\images\368.jpg
369.xml,369.jpg,dataset\images\369.jpg,369,09116155ba02371fb973ba59069fee0d574e27c2feef21aaf59a7b7ddcd671e0,1280,720,3,damage,damage|damage|damage,0,dataset\images\369.jpg
37.xml,37.jpg,dataset\images\37.jpg,37,da575a7f5f1545ee1da23f33a217a69e3437cbd085702c3113daa86281731865,960,640,2,pothole_water,pothole_water|pothole_water,0,dataset\images\37.jpg
370.xml,370.jpg,dataset\images\370.jpg,370,bf0c45ede6bd502915f772bcc7c97faadffcd9ff6ad78472faaa66e8f5566167,647,363,3,pothole_water,pothole_water|pothole_water|pothole_water,0,dataset\images\370.jpg
371.xml,371.jpg,dataset\images\371.jpg,371,935b18bdaffa34a1013caafa61c6033bdb2467b8da9fee0dbf792cb71dc4928f,615,410,3,pothole_water,pothole_water|pothole_water|pothole_water,0,dataset\images\371.jpg
372.xml,372.jpg,dataset\images\372.jpg,372,1441ac47f0dc2882b566ad2893eaffec15c2446fb006b8f31f5222eed5a2a20a,449,290,1,pothole,pothole,0,dataset\images\372.jpg
373.xml,373.jpg,dataset\images\373.jpg,373,4bc2052d77ec95e7b683c4d11501510d2ea9a084d13a09457765063eeb8bdedb,450,296,1,damage,damage,0,dataset\images\373.jpg
374.xml,374.jpg,dataset\images\374.jpg,374,8d434a196fb01e284d1128149ecab07b4266033adc5128027421c02d363da494,727,485,1,pothole_water,pothole_water,0,dataset\images\374.jpg
375.xml,375.jpg,dataset\images\375.jpg,375,b69612356e3b4be936510cd29d788004e39bf1f72e379d0d175f01c18f0c0dd3,660,440,3,pothole_water,pothole_water|pothole_water|pothole_water,0,dataset\images\375.jpg
376.xml,376.jpg,dataset\images\376.jpg,376,a326709abad72a595a0b4414b722b17127d4354d8a0a64914e03bb62449cf2f5,670,440,3,pothole_water,pothole_water|pothole_water|pothole_water,0,dataset\images\376.jpg
377.xml,377.jpg,dataset\images\377.jpg,377,e2cb98869ea60e198c28ad4f806c191b3251cd2a52994027aad1bc5bc050874e,800,600,1,pothole,pothole,0,dataset\images\377.jpg
378.xml,378.jpg,dataset\images\378.jpg,378,c3c5528c6bca7b261f45eef1279c0e6c333bae1c65f4bf7494a8b05a2df4352f,620,413,3,crack,pothole_water|crack|crack,0,dataset\images\378.jpg
379.xml,379.jpg,dataset\images\379.jpg,379,838ebe16484aa6340f94b89557bc7e0303f69f109f42c3bc025161971728ca3d,1024,576,3,pothole_water,pothole_water|pothole_water|pothole_water,0,dataset\images\379.jpg
38.xml,38.jpg,dataset\images\38.jpg,38,d9c223a46e0632b533b8e5be2b5b45f34af49f3c40289d801e69a6d4dd2189de,700,830,6,pothole_water,pothole_water|pothole_water|pothole|pothole_water|pothole_water|pothole_water,0,dataset\images\38.jpg
380.xml,380.jpg,dataset\images\380.jpg,380,62b6d0c2de4bd35cdacc6988a53188d3e64d6295f185907eb8c1819e28083070,534,401,1,pothole_water,pothole_water,0,dataset\images\380.jpg
381.xml,381.jpg,dataset\images\381.jpg,381,57d783b1eb376e4170ce4266dbbf29a410d7a264009b176b3f164e1d377fbe4e,500,300,1,pothole_water,pothole_water,0,dataset\images\381.jpg
382.xml,382.jpg,dataset\images\382.jpg,382,e286e1825d7a3acdea4edce6bf297a1f1f9c5780247f1f94c32c5bba998ffd02,640,480,3,pothole_water,pothole_water|pothole_water|pothole_water,0,dataset\images\382.jpg
383.xml,383.jpg,dataset\images\383.jpg,383,8ed51d8a22aef08316052a5986e4c5bc9cc9266a9292437a911ce9dcad9d3a96,1280,720,3,pothole,pothole_water|pothole|pothole,0,dataset\images\383.jpg
384.xml,384.jpg,dataset\images\384.jpg,384,cda804a7d5190af77c42fa75c51d9643a296066e5bb223aae8a38d94b288acb0,620,370,3,pothole,pothole|pothole|damage,0,dataset\images\384.jpg
385.xml,385.jpg,dataset\images\385.jpg,385,1713d579df1bec63e8ced3b4001511dbb2cb1d23200858eab3dcfde10d97171a,1200,939,1,pothole_water,pothole_water,0,dataset\images\385.jpg
386.xml,386.jpg,dataset\images\386.jpg,386,e7a941df309976dc2e0a963aff0ff76f6955d5403d57a1fc00961526dd1ba051,1300,866,3,pothole,pothole|damage|pothole,0,dataset\images\386.jpg
387.xml,387.jpg,dataset\images\387.jpg,387,930416e36d614d0c6bb4d074f90ae6e0dbdcbedbf8cf46c81d319acc25afb5b9,800,533,1,pothole,pothole,0,dataset\images\387.jpg
388.xml,388.jpg,dataset\images\388.jpg,388,0afdb6e5fbd6ec552633d5e360a1c33da146aee7a0d7cc94dedd1c6a945cb92e,525,350,1,damage,damage,0,dataset\images\388.jpg
389.xml,389.jpg,dataset\images\389.jpg,389,bfd5ec4ddcab06aaa0c4f4eb26826b20c5f757c749e71c64bdebe7cc04c8ee00,303,446,3,crack,pothole|crack|crack,0,dataset\images\389.jpg
39.xml,39.jpg,dataset\images\39.jpg,39,92973b2adf19ebd088b85a305c221fba3976700e7a1e528bb4b26a9dba648568,1300,866,2,pothole,pothole|pothole_water,0,dataset\images\39.jpg
390.xml,390.jpg,dataset\images\390.jpg,390,17d15af6e339bf8d749e42b48c843d59644a7f3cbd377557af1750b3c7676e7e,1280,720,1,pothole_water,pothole_water,0,dataset\images\390.jpg
391.xml,391.jpg,dataset\images\391.jpg,391,d7f51b989513ebdda50c2c92cbc909d0ee356a506cb0a3441c3d900c96256db5,300,196,3,pothole,pothole|pothole|crack,0,dataset\images\391.jpg
392.xml,392.jpg,dataset\images\392.jpg,392,abe54641bca02a8aa26707ea74500416c43f3f00328e418d315005b327a58660,800,600,1,pothole_water,pothole_water,0,dataset\images\392.jpg
393.xml,393.jpg,dataset\images\393.jpg,393,b8db7c618402f50089ca309598994ba5e4a2c4a1a471eb25532da85d038a147d,980,653,1,pothole,pothole,0,dataset\images\393.jpg
394.xml,394.jpg,dataset\images\394.jpg,394,0227b4a90540ecff8694a07efeb32d0226c583aebfb208dc0b69f5d74050ca50,800,363,1,crack,crack,0,dataset\images\394.jpg
395.xml,395.jpg,dataset\images\395.jpg,395,b8f28a373d2a7e6559e872d7f4b85c1c3deadc4b67abe89bc691134d8ef480fe,1580,1036,1,pothole,pothole,0,dataset\images\395.jpg
396.xml,396.jpg,dataset\images\396.jpg,396,7b67e6fcc4fe2c269f2bcda821e06773fc2dd914442db172df487e82332c0241,600,450,1,pothole_water,pothole_water,0,dataset\images\396.jpg
397.xml,397.jpg,dataset\images\397.jpg,397,dedd1a09cb08be2cc1462927aca961d24b364ca742a35abed04e7f80c1bb0c30,700,525,2,pothole,pothole|pothole,0,dataset\images\397.jpg
398.xml,398.jpg,dataset\images\398.jpg,398,8ef9c000948c0480f8af0b36738fdd9522958a29e7249c148b8a8eaf4f74d2c3,1200,800,4,pothole_water,pothole_water|pothole_water|pothole_water|pothole_water,0,dataset\images\398.jpg
399.xml,399.jpg,dataset\images\399.jpg,399,d8e382f28dad3efa60c59aabf6ed141dc2335895b23f7598b9a3d20c959761f3,647,363,5,pothole_water,pothole_water|pothole_water|pothole_water|pothole_water|crack,0,dataset\images\399.jpg
4.xml,4.jpg,dataset\images\4.jpg,4,2bc2cf0434056379e1b363057009e84af37641efb76358408e179c3dbd067cb0,1019,827,1,pothole,pothole,0,dataset\images\4.jpg
40.xml,40.jpg,dataset\images\40.jpg,40,92d57fd68b58159479304d10b4bdb3e60222a27bfcdcb90438c351d808de022e,784,441,4,pothole_water,pothole_water|pothole_water|pothole_water|pothole_water,0,dataset\images\40.jpg
400.xml,400.jpg,dataset\images\400.jpg,400,8a656c380727cb4d2ccfffaf6a91ea098f6bc161acc67cce02c41d7b09b3085a,615,409,1,pothole_water,pothole_water,0,dataset\images\400.jpg
401.xml,401.jpg,dataset\images\401.jpg,401,89a2a134145f43290b15e6b3076c615282d2d9be712fb046426b6df83bdf6314,625,352,1,damage,damage,0,dataset\images\401.jpg
402.xml,402.jpg,dataset\images\402.jpg,402,9ea1d83bc0b7bbe27099c0696900f1679eb533975606040af67bbf046411d23b,590,350,1,pothole,pothole,0,dataset\images\402.jpg
403.xml,403.jpg,dataset\images\403.jpg,403,dfd498380c400a1ddb90a3cc149b236e95344010bee07cefbf050ec32c2c4ea1,727,485,2,damage,damage|pothole,0,dataset\images\403.jpg
404.xml,404.jpg,dataset\images\404.jpg,404,df8ebbc95920881ed7abffe8228e2279f9f0c27987ae21884f5e3906a6a45382,660,360,3,pothole_water,pothole_water|pothole_water|pothole_water,0,dataset\images\404.jpg
405.xml,405.jpg,dataset\images\405.jpg,405,e83c026b4e7e15129e56d1fdcd144d6fc4a3178c1df1894ec5443056a544b1e8,647,363,2,pothole_water,pothole_water|pothole_water,0,dataset\images\405.jpg
406.xml,406.jpg,dataset\images\406.jpg,406,65c90aa92bf70a1c8ec494d295d18e022fa6519d9711d15783aa62d3af41c084,1080,675,2,pothole,pothole|pothole,1,dataset\images\292.jpg
407.xml,407.jpg,dataset\images\407.jpg,407,b832e0bf2f09f0c89687e859c895d76afae58c828da0ed77c2ff79e8add68b55,859,705,3,pothole_water,pothole_water|pothole_water|pothole_water,0,dataset\images\407.jpg
408.xml,408.jpg,dataset\images\408.jpg,408,b046012fe4c894ce093146f30b8df15151486914070a2991dbe64127c9f64a57,400,225,1,pothole_water,pothole_water,0,dataset\images\408.jpg
409.xml,409.jpg,dataset\images\409.jpg,409,067d5021bffd3de7a8b709a23a4efe213935e2a9e2d578c5cfccd20ff092da82,1299,857,1,pothole,pothole,0,dataset\images\409.jpg
41.xml,41.jpg,dataset\images\41.jpg,41,6541fb1a39d3367cf504178e30c7c4e3f79e99d1eb92baa24b04fb0c8eb98fb7,600,275,2,pothole_water,pothole_water|pothole_water,0,dataset\images\41.jpg
410.xml,410.jpg,dataset\images\410.jpg,410,1cbd61eebf8d478ec9c4998a69eb6d5b4e48a6ef72568a167633b4847e924e5f,730,440,4,pothole,pothole|pothole|pothole|pothole,0,dataset\images\410.jpg
411.xml,411.jpg,dataset\images\411.jpg,411,7dbd212b29502fcfb018059e1b3ba2dc90740b25b99063b25bec0b60ea1dc3df,800,600,1,pothole,pothole,0,dataset\images\411.jpg
412.xml,412.jpg,dataset\images\412.jpg,412,04e514e8570ba5ab22192c224fc38e1d8e800a000ffdf2c42373954723253d11,670,441,3,pothole_water,pothole_water|pothole_water|pothole_water,0,dataset\images\412.jpg
413.xml,413.jpg,dataset\images\413.jpg,413,78667063c800d27f08375a44cca059ea59a030b6cb9aac1e4cf70068dc7affba,400,225,1,pothole_water,pothole_water,0,dataset\images\413.jpg
414.xml,414.jpg,dataset\images\414.jpg,414,bcdd1ad4f05ed2581d8c0d0014aba16c928769db2cfb22bde0a0312eddd8b3cb,660,430,3,pothole_water,pothole_water|pothole_water|pothole_water,0,dataset\images\414.jpg
415.xml,415.jpg,dataset\images\415.jpg,415,fe17030a40386c899daa869b60a9b240942bb213ce9864966f778a960b62a0de,800,400,3,crack,pothole_water|crack|crack,0,dataset\images\415.jpg
416.xml,416.jpg,dataset\images\416.jpg,416,06a635736398af7a6c61890f2902ae0542a72d912da15a4352bc948f9706a7c3,720,480,3,pothole_water,pothole_water|pothole_water|pothole_water,0,dataset\images\416.jpg
417.xml,417.jpg,dataset\images\417.jpg,417,4822c70b7513d4b8f21358378b7cf43a0ab04b084f1ee0764526503ae26a544d,1774,2365,3,pothole,pothole|pothole|pothole,0,dataset\images\417.jpg
418.xml,418.jpg,dataset\images\418.jpg,418,1665ba49446008c30919e8a8031f5e72af5a140cbe628454a7e89a73f87f1b75,1280,720,1,pothole_water,pothole_water,0,dataset\images\418.jpg
419.xml,419.jpg,dataset\images\419.jpg,419,056b9c383e6c9b7d4ce88f39659d47c48c9a2c7396cc7a151f56b370d428344b,962,480,1,pothole,pothole,0,dataset\images\419.jpg
42.xml,42.jpg,dataset\images\42.jpg,42,edd4ad6a0753a4ef4d8e7db23cd0a64ff49d9b49cb97665de4e41ca3d0aff7c7,1299,861,4,pothole_water,pothole_water|pothole_water|pothole_water|damage,0,dataset\images\42.jpg
420.xml,420.jpg,dataset\images\420.jpg,420,bd1b0f577d2902e19a53b4dc765874521db6983666c977f4e045bdf1792ef48f,634,422,4,damage,pothole|damage|damage|pothole,0,dataset\images\420.jpg
421.xml,421.jpg,dataset\images\421.jpg,421,6566411b53a8556314ebad358dc04e98dc7b91dfe3e1b779bfdb4135e8abe9f8,450,295,1,pothole,pothole,0,dataset\images\421.jpg
422.xml,422.jpg,dataset\images\422.jpg,422,e66cabda226a5e1183349278024036facaeee4f7af0811b9fd793c11ec5821bb,1295,843,7,pothole,pothole|pothole|pothole|pothole|pothole|pothole|pothole,0,dataset\images\422.jpg
423.xml,423.jpg,dataset\images\423.jpg,423,3c8cef454101707331531d460a3b241b8399cb9e0407618cd1ba6e3f15be10a6,756,378,2,damage,damage|pothole_water,0,dataset\images\423.jpg
424.xml,424.jpg,dataset\images\424.jpg,424,04a1d8886e4501974b0542a3f25d0740d50113c7e62a5c6f5d08ab32b6dd4949,735,490,2,crack,pothole|crack,0,dataset\images\424.jpg
425.xml,425.jpg,dataset\images\425.jpg,425,5b4222f7902a50ffa62f27247c83701857170e39f1e770385d75101b2b4a507f,1368,856,1,damage,damage,0,dataset\images\425.jpg
426.xml,426.jpg,dataset\images\426.jpg,426,befd3a8289e04d1b30e943dfa3a63626cc1c862ca4ab5362cc6e9eeb9caba4d8,633,380,2,pothole_water,pothole_water|pothole_water,0,dataset\images\426.jpg
427.xml,427.jpg,dataset\images\427.jpg,427,c25bdeb0893bdede693f46193e04e3086955e3ca6ee6eafaaac51afe68c6c5e6,1066,1537,5,damage,damage|damage|damage|crack|crack,0,dataset\images\427.jpg
428.xml,428.jpg,dataset\images\428.jpg,428,648bac3c5df17a95931625f3df9dbf8482ff06ff6aaf88ae6c7efaab40a07b50,3264,1836,3,damage,damage|damage|damage,0,dataset\images\428.jpg
429.xml,429.jpg,dataset\images\429.jpg,429,63d84edab3c265f76ac562e4d33ccdb03cc5152e3e4288cc8087bfea4bd83a4e,1299,857,2,pothole_water,pothole_water|pothole_water,0,dataset\images\429.jpg
43.xml,43.jpg,dataset\images\43.jpg,43,0da20a987f089d321c002f7d75b048c3cefae5ae5337aafae56c531bdc367934,300,168,2,pothole_water,pothole_water|pothole_water,0,dataset\images\43.jpg
430.xml,430.jpg,dataset\images\430.jpg,430,9c53eb47349f276a1d91e18a4fa6fd7ce7d189141789be2b092a2d592744c561,400,267,2,pothole_water,pothole_water|pothole_water,0,dataset\images\430.jpg
431.xml,431.jpg,dataset\images\431.jpg,431,acaddd8064a33129b4e39650dfe452a8ab1390b0c7274bcbedbe1f72f12a504e,2000,1404,4,pothole_water,pothole_water|pothole_water|pothole_water|pothole_water,0,dataset\images\431.jpg
432.xml,432.jpg,dataset\images\432.jpg,432,a22f5086c5e9021fd982858afb81c5b01414f122c233d6f6577832f9a346137b,1280,860,3,pothole_water,pothole_water|pothole_water|pothole_water,0,dataset\images\432.jpg
433.xml,433.jpg,dataset\images\433.jpg,433,8887d71a60ef3931717f69a299bf93c6387213a57b9ea27459ccdf45f84ef934,696,385,2,pothole_water,pothole_water|pothole_water,0,dataset\images\433.jpg
434.xml,434.jpg,dataset\images\434.jpg,434,520dc1119d4bc5192b9288dd4c5741e56d1ea3e0bd24a2ea593b1ad7aaf5ed2c,800,597,3,pothole,pothole|pothole|crack,0,dataset\images\434.jpg
435.xml,435.jpg,dataset\images\435.jpg,435,1562e4918b188abc6dd02220b00b953bfed3e54f49170c7e289cba738abdd5c5,600,445,2,pothole_water,pothole_water|pothole_water,0,dataset\images\435.jpg
436.xml,436.jpg,dataset\images\436.jpg,436,34bed150c7ddb365dd2bf27b08e52dbaeda80f8fad48b9e441160943269ad2ea,759,422,3,pothole,pothole|pothole|pothole,0,dataset\images\436.jpg
437.xml,437.jpg,dataset\images\437.jpg,437,dd96ef22f8fde677c5f36c168ab9562a1547a632db81a3746f6050fa91edea25,1410,520,3,pothole,pothole_water|pothole|pothole,0,dataset\images\437.jpg
438.xml,438.jpg,dataset\images\438.jpg,438,7dbfff7d3ef676a6838e86ad6e7c464a67ea87399d49623439ddceb6858a25bb,370,204,1,pothole,pothole,0,dataset\images\438.jpg
439.xml,439.jpg,dataset\images\439.jpg,439,01df93c8d5f0bdf293cd71649805134ac8c8e8bfbb33b700e1af30d6a681cdd9,1024,683,2,pothole_water,pothole_water|pothole_water,0,dataset\images\439.jpg
44.xml,44.jpg,dataset\images\44.jpg,44,4747b6f2fcf6bfa06d55fb601e1db2519790339d21bd8f3990b632c1406b9776,1299,971,3,pothole,pothole|pothole|pothole,0,dataset\images\44.jpg
440.xml,440.jpg,dataset\images\440.jpg,440,c3a69d23bf556aa01c98733c4d2cd1691c469a1b63e90b838a7ade67a1a917af,1200,630,3,pothole_water,pothole_water|pothole_water|pothole_water,0,dataset\images\440.jpg
441.xml,441.jpg,dataset\images\441.jpg,441,08279683eed2eb66bf5ad4f3088d46194141d9001dbde04b13629eba3d0db45d,1410,520,2,damage,pothole|damage,0,dataset\images\441.jpg
442.xml,442.jpg,dataset\images\442.jpg,442,dd63b4918d44796c733b5cf621ed90d10d4c6ec2e85969105f42a2ef12dc34d6,759,422,1,pothole,pothole,0,dataset\images\442.jpg
443.xml,443.jpg,dataset\images\443.jpg,443,df817209ebd18fb111b07d5e992125ae3096a2630b20f70f014e24ae0dff23ac,720,480,2,damage,damage|damage,0,dataset\images\443.jpg
444.xml,444.jpg,dataset\images\444.jpg,444,4c543149a1bb1896b597d2adb332835fd8503ca95699fe674a8026c4fe22fcd3,300,224,3,pothole_water,pothole_water|pothole_water|pothole_water,0,dataset\images\444.jpg
445.xml,445.jpg,dataset\images\445.jpg,445,a689d4d384c453dd0c65d8dc2806cb3e5c0659f1ffd4501579d41925ce4683ff,1080,675,1,pothole,pothole,0,dataset\images\445.jpg
446.xml,446.jpg,dataset\images\446.jpg,446,769e8425407f448bb83ed1c6fc8f993b32cf3c2550a30d40181afde3a34949cb,720,280,1,pothole_water,pothole_water,0,dataset\images\446.jpg
447.xml,447.jpg,dataset\images\447.jpg,447,d8d258fd5188b08b4f71f5940bf0de65e6a35f76ffa1d10679259ad8898b691f,590,350,3,pothole,pothole|pothole|pothole,0,dataset\images\447.jpg
448.xml,448.jpg,dataset\images\448.jpg,448,687be444a206742b1d57bc207b9dd57d8d7aa0ef24474bb2253c275a449f0f8e,780,439,3,pothole_water,pothole_water|pothole_water|pothole_water,0,dataset\images\448.jpg
449.xml,449.jpg,dataset\images\449.jpg,449,5e3e2a36880806addecfcf0b162f63372ddf68b4eaaa40d8017dc8b9d3672104,750,422,3,damage,pothole_water|damage|pothole,0,dataset\images\449.jpg
45.xml,45.jpg,dataset\images\45.jpg,45,f1d9ee0ec83f3d4165dc2e2d120a751e8c894293c8535bf1a1071780df7eb61b,578,325,1,pothole,pothole,0,dataset\images\45.jpg
450.xml,450.jpg,dataset\images\450.jpg,450,cfeace3481dfcbd032044d6e3ee40d74f4628ba49d410294806ed4403d09dc4e,1024,682,4,damage,pothole|damage|damage|damage,0,dataset\images\450.jpg
451.xml,451.jpg,dataset\images\451.jpg,451,5094d5f9912c79581f42fcd948198e63231c683e9f7ab78f1e1ace71820f9c8b,1300,866,3,crack,damage|crack|crack,0,dataset\images\451.jpg
452.xml,452.jpg,dataset\images\452.jpg,452,457d25d2748fbc77ff508a1c9ae64b7d42e7e7e24d3d51b479b86a6271698ae0,800,600,1,pothole_water,pothole_water,0,dataset\images\452.jpg
453.xml,453.jpg,dataset\images\453.jpg,453,bbf39bb2a66d1471fd66fd28b337ac2abf4dc5c4f21d6d7f5d488af2221c8cb8,1489,973,1,damage,damage,0,dataset\images\453.jpg
454.xml,454.jpg,dataset\images\454.jpg,454,2ed5275e50d84e6627a663e61008a6052595806eb5d712f1f5d6291717d397fb,1632,1224,2,pothole,pothole|pothole,0,dataset\images\454.jpg
455.xml,455.jpg,dataset\images\455.jpg,455,8d7fd5411f4e1edba4cdb1c042255905eef4455e51181a061023a793f5b77b10,652,367,1,pothole,pothole,0,dataset\images\455.jpg
456.xml,456.jpg,dataset\images\456.jpg,456,227bc51444d92d22c4af4013ad99a98361d996f064ccb9921bfe0bc1eb227ff1,2400,1600,1,pothole,pothole,0,dataset\images\456.jpg
457.xml,457.jpg,dataset\images\457.jpg,457,bf0c48a3d31d4a7fb1fd06c940cf2462565b7f737df5dcf6f5fbef6a89d3a044,1050,698,1,pothole_water,pothole_water,0,dataset\images\457.jpg
458.xml,458.jpg,dataset\images\458.jpg,458,a0390ab3279935a0c85023cdc6bea997b6bcee86c7be901043d9bfe15e87e70e,330,244,1,pothole,pothole,0,dataset\images\458.jpg
459.xml,459.jpg,dataset\images\459.jpg,459,1237d934f49960393b86276f53d97d20a875e4690955798563ade918fc1f3f21,1599,1057,1,pothole,pothole,0,dataset\images\459.jpg
46.xml,46.jpg,dataset\images\46.jpg,46,b2820f0b16cae5e3c03e9ffbd643df1aaecfd398d20673219d0ceb6d86e3474b,660,300,2,pothole_water,pothole_water|pothole_water,0,dataset\images\46.jpg
460.xml,460.jpg,dataset\images\460.jpg,460,6ae626a240fe1702bf10debc95a35a8a4b38782392df5266d1a5154a81675c96,684,340,1,pothole,pothole,0,dataset\images\460.jpg
461.xml,461.jpg,dataset\images\461.jpg,461,26b8c292c872d45985f2aee4deffc3810655baadd6fd808be293cdd39ec0d8c0,1368,768,1,pothole_water,pothole_water,0,dataset\images\461.jpg
462.xml,462.jpg,dataset\images\462.jpg,462,4d0964a128cc4e3fb358c2215878b023d51d4957c9a8cb19ce2875876712895e,875,492,2,pothole,pothole|pothole,0,dataset\images\462.jpg
463.xml,463.jpg,dataset\images\463.jpg,463,89151ef96cb52a1a6b88a784ce19605a641a77add20b2164a2a9f84b2bc804ba,1287,849,3,damage,damage|damage|damage,0,dataset\images\463.jpg
464.xml,464.jpg,dataset\images\464.jpg,464,d4234a9ca58d9d73ac49d55f61ddbfe839c094358a01c34bb87dbe832cceeaf1,640,480,1,pothole,pothole,0,dataset\images\464.jpg
465.xml,465.jpg,dataset\images\465.jpg,465,746d8955a9950d23fbbf000886ecdcb3a1bcc7721a3b2b2e8b4acf45e663b9ff,1289,853,1,damage,damage,0,dataset\images\465.jpg
466.xml,466.jpg,dataset\images\466.jpg,466,4cd34a58094af958b926b12e4b964db275010d8e5460a8561448fb41d0f64b84,280,220,1,pothole,pothole,0,dataset\images\466.jpg
467.xml,467.jpg,dataset\images\467.jpg,467,d4c0a18a8403e1ecd7e95ac9537e6b6ddc553f1210ebf5551d66b9f1dda53a84,400,249,1,pothole,pothole,0,dataset\images\467.jpg
468.xml,468.jpg,dataset\images\468.jpg,468,d135e6df9818059ec75f3954cec9ef4e8c9029f5a8682ec526e95f2726a9e526,750,422,2,crack,damage|crack,0,dataset\images\468.jpg
469.xml,469.jpg,dataset\images\469.jpg,469,a7d864c9680184cb252ef628231bf16a4ef4eab6b43c9db42dcc0545f7a51fc1,1400,932,1,pothole,pothole,0,dataset\images\469.jpg
47.xml,47.jpg,dataset\images\47.jpg,47,95c69ee0227d72d9808a752aa3314abc8f2fe7da241bc9c5af035b08f84fd697,759,422,2,pothole_water,pothole_water|pothole_water,0,dataset\images\47.jpg
470.xml,470.jpg,dataset\images\470.jpg,470,71f6e463d6ccef905bcc832acf67f7265a4a320e04f4d7f1bb644962ce9ba3b9,337,448,3,pothole,pothole|pothole|pothole,0,dataset\images\470.jpg
471.xml,471.jpg,dataset\images\471.jpg,471,d11206ef9711d17fd60fd227eada1bfd94a30916009f508e84298f1984916065,600,338,1,pothole,pothole,0,dataset\images\471.jpg
472.xml,472.jpg,dataset\images\472.jpg,472,8e87140a1637e5e48b375e7b8de6449348d75088944bde0301aaedf1651e521c,243,330,3,pothole_water,pothole|pothole_water|pothole_water,0,dataset\images\472.jpg
473.xml,473.jpg,dataset\images\473.jpg,473,58dca63a1289ada83505c1794e04ab961291d0a57e22166f75065febd42e488a,660,371,1,pothole_water,pothole_water,0,dataset\images\473.jpg
474.xml,474.jpg,dataset\images\474.jpg,474,a379b10520ea3de1e7536e77cbcfc9bd4e0ad788c9f9a7bd8b1ddffea97d4d31,763,522,2,pothole_water,pothole_water|pothole_water,0,dataset\images\474.jpg
475.xml,475.jpg,dataset\images\475.jpg,475,b49317e5c448548582f3e28a4df607be6aa13727d8d2b7c384afd8ae0a938a71,918,506,3,pothole_water,pothole_water|damage|pothole_water,0,dataset\images\475.jpg
476.xml,476.jpg,dataset\images\476.jpg,476,7fce1ec416c1b604e5d1fdd874c7b31e1fcaea0eca22a6e50671d6bd88ace7b9,1440,810,3,pothole,pothole|pothole|crack,0,dataset\images\476.jpg
477.xml,477.jpg,dataset\images\477.jpg,477,840c92fdd218b16b5f06429da2e5cbfe252d286f2fced4ee88605025c447c7a2,600,290,2,damage,damage|damage,0,dataset\images\477.jpg
478.xml,478.jpg,dataset\images\478.jpg,478,2c521be08aa9b184cc53ffe35b075446225d9b470fcfda292d727e40dcbdbece,700,400,4,damage,damage|damage|damage|damage,0,dataset\images\478.jpg
479.xml,479.jpg,dataset\images\479.jpg,479,a80922f9fe84f90da9fab7485d75a56ca38ddf867500e4c319aacee28e9f1edf,1200,675,5,pothole,pothole|pothole|pothole|pothole|damage,0,dataset\images\479.jpg
48.xml,48.jpg,dataset\images\48.jpg,48,07c30a48d53cb0695923de243c48adf8c25f3a85b777f85b8da0ee6f0ea917a7,1024,683,2,pothole_water,pothole_water|pothole_water,0,dataset\images\48.jpg
480.xml,480.jpg,dataset\images\480.jpg,480,3379475d302f7346b2d0f9b184a209e507e36f103c07dfee5084244139e3b353,647,404,3,pothole_water,pothole_water|pothole_water|pothole_water,0,dataset\images\480.jpg
481.xml,481.jpg,dataset\images\481.jpg,481,f93236a7d0670cad2952c655f6d8849a61c5f7a58ee3a1cac6faef29192e4025,800,600,2,pothole,pothole|pothole,0,dataset\images\481.jpg
482.xml,482.jpg,dataset\images\482.jpg,482,b1be0eedc758ce441fd2dd54b9f454c84fc16d785febcc7b90c38d1d67090e8e,1280,960,1,pothole,pothole,0,dataset\images\482.jpg
483.xml,483.jpg,dataset\images\483.jpg,483,b80634c53df7496514c7202b7aead17d31b92cd680e0b42de01898859bf85730,1200,900,2,pothole,pothole|pothole,0,dataset\images\483.jpg
484.xml,484.jpg,dataset\images\484.jpg,484,7e1f2eb6b6f55f83b4aa0b2df27b3fb87d05baa1db29e66cde36258bbb8da1ba,450,140,1,pothole,pothole,0,dataset\images\484.jpg
485.xml,485.jpg,dataset\images\485.jpg,485,eec210b1bd7970bf52cd1e24579d9f620018895455ca95d878cf33ef1a42fab7,1600,1067,3,pothole,pothole|pothole|crack,0,dataset\images\485.jpg
486.xml,486.jpg,dataset\images\486.jpg,486,3a010a0e67a900d1ce30e5234d5dbcc90c374fcce8bf0f7a29e996d30484fd02,784,441,2,pothole_water,pothole_water|pothole_water,0,dataset\images\486.jpg
487.xml,487.jpg,dataset\images\487.jpg,487,db22653075cc8e29ab1c2f53ad166c59fe589848dfb8657dbfd0d39c21e550d7,400,225,1,pothole_water,pothole_water,0,dataset\images\487.jpg
488.xml,488.jpg,dataset\images\488.jpg,488,fede338fc4d0c27e20cf93bb95207f0d1978fcf9ed25296ac22ce681306dc7a6,1024,683,2,pothole_water,pothole_water|pothole_water,0,dataset\images\488.jpg
489.xml,489.jpg,dataset\images\489.jpg,489,e6383224acd9ea46ed1d61ce9d42e0942d36589baf0ee96e6234e33e4acfed17,448,299,4,damage,pothole|damage|crack|damage,0,dataset\images\489.jpg
49.xml,49.jpg,dataset\images\49.jpg,49,8e51a07daf74d7cb98f0644b61b3a04159236ec9b3ed081d524cb9c2b5faa418,1140,500,3,pothole_water,pothole_water|pothole_water|pothole_water,0,dataset\images\49.jpg
490.xml,490.jpg,dataset\images\490.jpg,490,c111a760998a0b08d5185612244f9dc8b41f448373cf1e5d056782f6980e9ff6,800,381,1,pothole_water,pothole_water,0,dataset\images\490.jpg
491.xml,491.jpg,dataset\images\491.jpg,491,c842d487ae762786c00fd6a4638683e6e095bd3cb02cb494c1d138999c70a2bb,1059,1585,2,pothole_water,pothole_water|pothole_water,0,dataset\images\491.jpg
492.xml,492.jpg,dataset\images\492.jpg,492,9ca3308c6ed1ac0afc3e0b8b63f50709d44757533ba3a5e5e3721e3f76818c18,759,422,2,pothole_water,pothole_water|pothole_water,0,dataset\images\492.jpg
493.xml,493.jpg,dataset\images\493.jpg,493,f609894fc57b780b63bddc2d27dc6bb2e4626add15f7f0cc3cbfea556b6fc61b,2592,1944,3,damage,damage|damage|crack,0,dataset\images\493.jpg
494.xml,494.jpg,dataset\images\494.jpg,494,5645e48cfa7560dd832203774b49d2638a8c2276674a7be69c67784a8ef4e9b0,619,395,1,damage,damage,0,dataset\images\494.jpg
495.xml,495.jpg,dataset\images\495.jpg,495,cd195ac4a325f5fe96915f4fc4ee39cc137bc68b0a152dfe7562c80d1ca4fa0c,576,768,2,pothole_water,pothole_water|pothole_water,1,dataset\images\317.jpg
496.xml,496.jpg,dataset\images\496.jpg,496,cbf20d1ca54cbf5845d6712928620b7e57a9db8085ba14e4e10072f35ac5104a,535,328,1,pothole,pothole,0,dataset\images\496.jpg
497.xml,497.jpg,dataset\images\497.jpg,497,c20fd720c98d583f0f8198bb46b6f9fe04e40a36be14548ba9e982595a2996e1,2287,1388,1,pothole,pothole,0,dataset\images\497.jpg
498.xml,498.jpg,dataset\images\498.jpg,498,3b30e9ee29f4d688fb29a891bc97132e4be6ba3ece653f7df5e27245965688eb,1000,619,1,damage,damage,0,dataset\images\498.jpg
499.xml,499.jpg,dataset\images\499.jpg,499,1e5e5c4313141feffe045bfc9bd5c6b85bf5e73d620cc8a03161aae52f896c69,768,432,2,damage,pothole_water|damage,0,dataset\images\499.jpg
5.xml,5.jpg,dataset\images\5.jpg,5,95a7b3f8aa5efa685311970b7944ff099b3df178bce5b4610c8188b595ea0376,450,300,2,pothole_water,pothole_water|pothole_water,0,dataset\images\5.jpg
50.xml,50.jpg,dataset\images\50.jpg,50,f3aeea0bf3d367bfa2c18a14b132fc16d8be3c94645870cf0ed5661b7a2c4588,615,410,1,pothole,pothole,0,dataset\images\50.jpg
500.xml,500.jpg,dataset\images\500.jpg,500,9718c9c55132c5085039c39d6a8828416622d40dffeb37c990d4e28460a66c57,690,920,1,pothole_water,pothole_water,0,dataset\images\500.jpg
501.xml,501.jpg,dataset\images\raw\501.jpg,501,a9754681705e659d7ba568ce813d40029bf4bb8cdd24bca88df510cb94bd3b46,512,512,1,damage,damage,0,dataset\images\raw\501.jpg
502.xml,502.jpg,dataset\images\raw\502.jpg,502,2abb3934ce63517a0c90e5da2d70c1ffad6d057dafca6b22dcdc7ba68f4d1f2e,512,512,1,damage,damage,0,dataset\images\raw\502.jpg
503.xml,503.jpg,dataset\images\raw\503.jpg,503,2d09975652374884727a4aceeb31d7ce30582bea018aff1ea803f13ffd35a4f4,512,512,2,crack,crack|damage,0,dataset\images\raw\503.jpg
504.xml,504.jpg,dataset\images\raw\504.jpg,504,143b125b044fc4fa7b74b75ef7ee13bece7e4a3d9c72cfdf65f4d8253033e6b0,512,512,1,damage,damage,0,dataset\images\raw\504.jpg
505.xml,505.jpg,dataset\images\raw\505.jpg,505,7a270d307107af848932e8402db818e884754b0c7bdd5e971162601f119d6a05,512,512,1,pothole,pothole,0,dataset\images\raw\505.jpg
506.xml,506.jpg,dataset\images\raw\506.jpg,506,6eeaeaa97e9a730240fc5d8d14d412aff73557bcc0547b669505f3362b522829,512,512,1,damage,damage,0,dataset\images\raw\506.jpg
507.xml,507.jpg,dataset\images\raw\507.jpg,507,7582014744df1e1063d2ea0a44fec0b599a0cb5a01ea53a26ee0d9ea3e9f139b,512,512,1,damage,damage,0,dataset\images\raw\507.jpg
508.xml,508.jpg,dataset\images\raw\508.jpg,508,9c2e8effba71eeaf1542b647178fcb9d76d828f8f3965e270bff02d86f63fb7c,512,512,3,crack,crack|crack|crack,0,dataset\images\raw\508.jpg
509.xml,509.jpg,dataset\images\raw\509.jpg,509,3410caee13d4be1529dd3324b5429f3894de7ce05dc9cf6afae1f15e73b6d1a7,512,512,1,damage,damage,0,dataset\images\raw\509.jpg
51.xml,51.jpg,dataset\images\51.jpg,51,2fa21d2b19d9e060994d5a3d9b95908a9e589d4429a9b4a584f6a0ace5cb3590,1272,636,1,pothole_water,pothole_water,0,dataset\images\51.jpg
510.xml,510.jpg,dataset\images\raw\510.jpg,510,01e54330d7ae1414028cb040a124a5b96f876401b44725932ede7590a145e4ec,512,512,2,crack,crack|crack,0,dataset\images\raw\510.jpg
511.xml,511.jpg,dataset\images\raw\511.jpg,511,5aa12dc25d9a4037e66f37977534680ec6b41cc6306d049e0936759f1202625a,512,512,2,crack,crack|pothole_water,0,dataset\images\raw\511.jpg
512.xml,512.jpg,dataset\images\raw\512.jpg,512,1c2bbef6ed1e4bd3476d73f405a0b76e01cf445777b17ac3fc673fa16ca5685e,512,512,1,pothole_water,pothole_water,0,dataset\images\raw\512.jpg
513.xml,513.jpg,dataset\images\raw\513.jpg,513,18adcd381fe492da1001eba8d1dec36c8a439154a5fd4c199b6bb982db7ca108,512,512,2,crack,crack|crack,0,dataset\images\raw\513.jpg
514.xml,514.jpg,dataset\images\raw\514.jpg,514,6e9b5142312b6a09eee911a6bfb99a64d4f7e89f49ed55c4adc306391859b93e,512,512,2,pothole,pothole_water|pothole,0,dataset\images\raw\514.jpg
515.xml,515.jpg,dataset\images\raw\515.jpg,515,b386348b7aa0e616da90738e40041dc0a3693746bcc1e231dc27e6965341ae8a,512,512,1,crack,crack,0,dataset\images\raw\515.jpg
516.xml,516.jpg,dataset\images\raw\516.jpg,516,3f6e9054c97787496f5b60b12cf7d32b4f345e5756f4c07275e2126e61e4313e,512,512,1,pothole_water,pothole_water,0,dataset\images\raw\516.jpg
517.xml,517.jpg,dataset\images\raw\517.jpg,517,fb6b8d1aed304f6052c66a410ec3f57c3c999928ef1226c08d47894742d6e4eb,512,512,1,damage,damage,0,dataset\images\raw\517.jpg
518.xml,518.jpg,dataset\images\raw\518.jpg,518,22ec7b588915cdf9fd4d24a0a8bcc0226380ae1e435c61fa561a83d1be3e13e5,512,512,1,crack,crack,0,dataset\images\raw\518.jpg
519.xml,519.jpg,dataset\images\raw\519.jpg,519,dbd5a323a6760687dcfaec808361638bcabcff701910c963079f659899db3766,512,512,1,damage,damage,0,dataset\images\raw\519.jpg
52.xml,52.jpg,dataset\images\52.jpg,52,5f8c3f843ea1ee939e113260b6b34999c0ed259b74f6690791a4e126fdc7af15,507,330,2,pothole,pothole|pothole,0,dataset\images\52.jpg
520.xml,520.jpg,dataset\images\raw\520.jpg,520,9fe3e3879deadacebbeabd49babf96ca3c1c797e94a469377b5cd9702e31a364,512,512,2,crack,crack|damage,0,dataset\images\raw\520.jpg
521.xml,521.jpg,dataset\images\raw\521.jpg,521,9171bd79cfd3e871b6cac8080381d483e9a0e7862459f3e4e974138b40560eff,512,512,1,pothole_water,pothole_water,0,dataset\images\raw\521.jpg
522.xml,522.jpg,dataset\images\raw\522.jpg,522,9b139ec958e45b903d34ed4981c316db9c42da3ff5a6e4ece7c18b6d6c17114e,512,512,1,crack,crack,0,dataset\images\raw\522.jpg
53.xml,53.jpg,dataset\images\53.jpg,53,bad38e4a04837dfdfeb62023547eecfc6f8af80ae6c5ffafdcc222cd9c46de4a,1180,664,3,pothole_water,pothole|pothole_water|pothole_water,0,dataset\images\53.jpg
54.xml,54.jpg,dataset\images\54.jpg,54,a07944c588729e52f7bc959e90e05558eb9d29832bdb4c5133dc7951fd20d267,1295,893,1,pothole_water,pothole_water,0,dataset\images\54.jpg
55.xml,55.jpg,dataset\images\55.jpg,55,265efe5f07edd880cb23c665ce42ac361c04d690ccc7a6f5446b08646fcbad9f,2048,1536,2,pothole,pothole|pothole,0,dataset\images\55.jpg
56.xml,56.jpg,dataset\images\56.jpg,56,71231799ef04ac33ca387921441a38d9b7aa66813b163a00413ed5a198a56ab9,576,1024,1,pothole_water,pothole_water,0,dataset\images\56.jpg
57.xml,57.jpg,dataset\images\57.jpg,57,11e21b98b29e45e25758a13d54f2defbb41381c519d86a28b25773d0f7a5d0bb,900,600,4,crack,pothole|crack|crack|crack,0,dataset\images\57.jpg
58.xml,58.jpg,dataset\images\58.jpg,58,6eb42973796b911a9c3e6ff7dd061f71a183ab7e105d090f2285f399d3b13bc8,1140,641,2,crack,pothole_water|crack,0,dataset\images\58.jpg
59.xml,59.jpg,dataset\images\59.jpg,59,17942bf084df2739730c57d74c195cffba68eb9a34a2fd079656bf10a201ec84,933,700,5,pothole,pothole|pothole|pothole|pothole_water|crack,0,dataset\images\59.jpg
6.xml,6.jpg,dataset\images\6.jpg,6,649d77e353de5467f4b786b98a288db0bad36c70398b785b8dc77990e0629481,800,600,1,pothole_water,pothole_water,0,dataset\images\6.jpg
60.xml,60.jpg,dataset\images\60.jpg,60,4c530a63eac7e9627a47637d6bd360b926478683cc5bb8ae63a88e67b34d289f,700,467,1,pothole_water,pothole_water,0,dataset\images\60.jpg
61.xml,61.jpg,dataset\images\61.jpg,61,320b71f0fdc4b8cb6a593340059906ef4208e1ea7e856db2b6770ceb8a30d164,700,350,5,crack,pothole|crack|pothole|crack|crack,0,dataset\images\61.jpg
62.xml,62.jpg,dataset\images\62.jpg,62,f68bfb3f889da87cae4a36f77efdd4236121727cc90dedaa4dff55c7ee85c37c,640,480,2,pothole_water,pothole_water|pothole_water,0,dataset\images\62.jpg
63.xml,63.jpg,dataset\images\63.jpg,63,c5429c950475f1eee635f0ebf7ca44632712233b04605f010d786ddf4d65ecff,800,448,2,pothole_water,pothole_water|pothole_water,0,dataset\images\63.jpg
64.xml,64.jpg,dataset\images\64.jpg,64,2b2cc547fa484d5a026101d0f473cffbab5065092b06f19cdfea2e5b40e553e6,300,200,1,pothole,pothole,0,dataset\images\64.jpg
65.xml,65.jpg,dataset\images\65.jpg,65,d2dc69f07ec00769c1fe4aded08bd379566f693e7fdcb5d27e05a6bc9b0f99ea,2560,1441,2,pothole,pothole_water|pothole,0,dataset\images\65.jpg
66.xml,66.jpg,dataset\images\66.jpg,66,cc0d739fca5baff56823cef416926687c0548192d22fe76a67d543073f2bac30,400,533,1,pothole,pothole,0,dataset\images\66.jpg
67.xml,67.jpg,dataset\images\67.jpg,67,0ad3dd089a6e469ed94465be47d133980e18534540fbbe098723241325cc0ddd,350,237,2,damage,pothole|damage,0,dataset\images\67.jpg
68.xml,68.jpg,dataset\images\68.jpg,68,9588a22fb6dcb5f488a784f18d5278241c1e5f65509960846ac533d582df3a82,1272,636,2,pothole,pothole_water|pothole,0,dataset\images\68.jpg
69.xml,69.jpg,dataset\images\69.jpg,69,66979e9ea577e2ac493478deb7a4ccfc8cab3df3dbed5c3a9ec459d63d321a25,780,439,4,pothole_water,pothole_water|pothole_water|pothole_water|pothole_water,0,dataset\images\69.jpg
7.xml,7.jpg,dataset\images\7.jpg,7,7f3feca700c1273f510c8a355e63fa0f3ed09b5c19cb885b66053ac0f0c39939,240,180,2,pothole_water,pothole_water|pothole_water,0,dataset\images\7.jpg
70.xml,70.jpg,dataset\images\70.jpg,70,c93a82158e650bfb8bbf941a0de5dc523640ff2cb0283425d8ec2ac95cf6bcaa,968,648,4,crack,pothole_water|crack|crack|damage,0,dataset\images\70.jpg
71.xml,71.jpg,dataset\images\71.jpg,71,e0a37b675e8b2735a4b93512befda7ab47a6db9b185e6aba4eddf15dfd1c9d05,3264,1836,2,damage,damage|damage,0,dataset\images\71.jpg
72.xml,72.jpg,dataset\images\72.jpg,72,a16744a334069bd95233afda65fcff459dce7cb12415239d24baa6034d4bed1f,400,300,1,pothole,pothole,0,dataset\images\72.jpg
73.xml,73.jpg,dataset\images\73.jpg,73,ed72c9752af8c6cbc2c60e1875d18919c0abf66f6d5849004d1a2d56f917e04d,1920,1080,1,pothole_water,pothole_water,0,dataset\images\73.jpg
74.xml,74.jpg,dataset\images\74.jpg,74,4a2900b7692f825b8ce2a9bf74a2338561c56686b8db989d6264f15117db318b,466,274,3,pothole,pothole|pothole|pothole,0,dataset\images\74.jpg
75.xml,75.jpg,dataset\images\75.jpg,75,166c44f21341043b82201e451ed6bd6eca8bbb17b491c4dfe5251c31bfc0016d,770,433,1,pothole,pothole,0,dataset\images\75.jpg
76.xml,76.jpg,dataset\images\76.jpg,76,912934f8a9d23fe50e7de031cfbcbc5a617c3b7d3ba49380c8142ccff53e8c55,1280,720,5,pothole_water,pothole_water|pothole_water|damage|pothole_water|pothole_water,1,dataset\images\224.jpg
77.xml,77.jpg,dataset\images\77.jpg,77,c8e94339ddff83954cab2ef12b8923c6700b51ae79619ffd5b6aa4cdd5216fc5,640,360,1,pothole,pothole,0,dataset\images\77.jpg
78.xml,78.jpg,dataset\images\78.jpg,78,d61bac5d7201d43f51d0fb105dde6356c689ca2e9885306b9f207d924e70abe1,1599,867,4,damage,damage|pothole|damage|damage,0,dataset\images\78.jpg
79.xml,79.jpg,dataset\images\79.jpg,79,b389cd4353dd37ad4f93167882c23681db953be4cb32292cbf85e22d9b343290,670,451,4,pothole_water,pothole_water|pothole_water|pothole_water|pothole_water,0,dataset\images\79.jpg
8.xml,8.jpg,dataset\images\8.jpg,8,3e88967f98a11bbc1d6585dfe08e4a1e0dd5649d204fe2f6baf472301ade451c,400,267,4,pothole,pothole|pothole|pothole|pothole,0,dataset\images\8.jpg
80.xml,80.jpg,dataset\images\80.jpg,80,dd63b4918d44796c733b5cf621ed90d10d4c6ec2e85969105f42a2ef12dc34d6,759,422,1,pothole,pothole,1,dataset\images\442.jpg
81.xml,81.jpg,dataset\images\81.jpg,81,924c3980009b1f40178cf608da7c415c92da5279458720a8d10cf5b1629d677c,760,427,3,pothole_water,pothole_water|pothole_water|pothole_water,0,dataset\images\81.jpg
82.xml,82.jpg,dataset\images\82.jpg,82,5f0b02daee94b65d2e598d4c44e46a070c9cd6d915aad1be47593b8bedc4536c,1440,810,6,pothole,pothole|pothole|crack|crack|pothole|damage,0,dataset\images\82.jpg
83.xml,83.jpg,dataset\images\83.jpg,83,fed85da08bd40a2fb6d090180f9b7e5b57f4f3f72291c4ab65fdf9a6d89181fc,1272,636,1,pothole,pothole,0,dataset\images\83.jpg
84.xml,84.jpg,dataset\images\84.jpg,84,efd44b172709669ee17d26c60fc75f041ce8d6d2e6802fd7796794ac21ca54e4,400,206,4,pothole_water,pothole_water|pothole_water|pothole_water|pothole_water,0,dataset\images\84.jpg
85.xml,85.jpg,dataset\images\85.jpg,85,33c34dae2c2278343f9d22e1a632a5cae510a3faa592aea0bd0078c5ccfb2df4,1297,953,4,damage,pothole|pothole|damage|damage,0,dataset\images\85.jpg
86.xml,86.jpg,dataset\images\86.jpg,86,a52b72138b020863a5b18c49fc9ae3446e985d32b120ba39e10c4304dfcd14a5,600,400,1,pothole,pothole,0,dataset\images\86.jpg
87.xml,87.jpg,dataset\images\87.jpg,87,3a7e9c9866975d1d2b26c76b94d0390e587a4ec8143164f64241249ae4952231,460,276,1,pothole_water,pothole_water,0,dataset\images\87.jpg
88.xml,88.jpg,dataset\images\88.jpg,88,3dbb88b27840c066ca4c31c1e8c30b8a7a93c78bac915474ef867c5dce29e7ed,980,653,2,crack,pothole|crack,0,dataset\images\88.jpg
89.xml,89.jpg,dataset\images\89.jpg,89,faa20c03eaba935356c6d58b1a9270b86d735174b3c460d0d0f8efae23c9fb50,800,600,1,pothole_water,pothole_water,0,dataset\images\89.jpg
9.xml,9.jpg,dataset\images\9.jpg,9,f2c7cd1fe5cf39e7330789f2e06c41d9a11c68fc249e5e3bc17ad83727030d97,770,433,2,pothole_water,pothole_water|pothole_water,0,dataset\images\9.jpg
90.xml,90.jpg,dataset\images\90.jpg,90,bb9332a21544954c95ede01eb1765dcd4b264ae46ca2ac1aa05df014a4195d1d,436,269,2,pothole,pothole|pothole,0,dataset\images\90.jpg
91.xml,91.jpg,dataset\images\91.jpg,91,7ca756f47dce697e316f3280e7c59f56843d4725a0f0751f9cd9e57255a0bc4e,680,383,1,damage,damage,0,dataset\images\91.jpg
92.xml,92.jpg,dataset\images\92.jpg,92,bfe7011011fe93f9b6f9de8bb144beed827b13276519a691ed8230e910e37528,700,468,3,crack,pothole|crack|crack,0,dataset\images\92.jpg
93.xml,93.jpg,dataset\images\93.jpg,93,1a3e2895623034455def4b46160c4e747543b0c1332fec01fbed65bdd89bb60b,300,195,1,pothole,pothole,0,dataset\images\93.jpg
94.xml,94.jpg,dataset\images\94.jpg,94,cf3f30155788a971016a37773b15be2040a7b4a0e279b35c9f0acde8999719ad,200,200,1,pothole,pothole,0,dataset\images\94.jpg
95.xml,95.jpg,dataset\images\95.jpg,95,988dd03822c90ff8c1fcbf2ae08cb9d35f5e72d3b57c55e0a9cc32927ed94f09,639,426,3,pothole,pothole|pothole|pothole,0,dataset\images\95.jpg
96.xml,96.jpg,dataset\images\96.jpg,96,5c893a5025f3ed524034da59b978567a5310a16314cec1ebd99c0a72323b0357,725,483,1,pothole,pothole,0,dataset\images\96.jpg
97.xml,97.jpg,dataset\images\97.jpg,97,db553e24f1ec323f9afaf154ef78475a584f58d3e0c33a898fb990f69cb6b46c,630,472,3,pothole_water,pothole_water|pothole_water|pothole_water,0,dataset\images\97.jpg
98.xml,98.jpg,dataset\images\98.jpg,98,c1134a2241c078b891c628609ecb1e215ee668db987e1178f89e4320fac3213c,635,424,1,pothole_water,pothole_water,0,dataset\images\98.jpg
99.xml,99.jpg,dataset\images\99.jpg,99,588c54ae9cd74ae5f01f6e2cee0d44a0d7f75dda70af81db77e33f3afa4a6b02,640,360,2,pothole,pothole|pothole,0,dataset\images\99.jpg
